1000_leftphoto.jpg,1000_leftphoto.jpg,1
1000_rightphoto.jpg,1000_rightphoto.jpg,1
1001_leftphoto.jpg,1001_leftphoto.jpg,1
1001_rightphoto.jpg,1001_rightphoto.jpg,1
1002_rightphoto.jpg,1002_rightphoto.jpg,1
1004_leftphoto.jpg,1004_leftphoto.jpg,1
1006_rightphoto.jpg,1006_rightphoto.jpg,1
1008_rightphoto.jpg,1008_rightphoto.jpg,1
1009_leftphoto.jpg,1009_leftphoto.jpg,1
1009_rightphoto.jpg,1009_rightphoto.jpg,1
100_leftphoto.jpg,100_leftphoto.jpg,1
100_rightphoto.jpg,100_rightphoto.jpg,1
1011_leftphoto.jpg,1011_leftphoto.jpg,1
1012_leftphoto.jpg,1012_leftphoto.jpg,1
1013_leftphoto.jpg,1013_leftphoto.jpg,1
1016_leftphoto.jpg,1016_leftphoto.jpg,1
1017_rightphoto.jpg,1017_rightphoto.jpg,1
1018_leftphoto.jpg,1018_leftphoto.jpg,1
1018_rightphoto.jpg,1018_rightphoto.jpg,1
101_leftphoto.jpg,101_leftphoto.jpg,1
101_rightphoto.jpg,101_rightphoto.jpg,1
1020_leftphoto.jpg,1020_leftphoto.jpg,1
1020_rightphoto.jpg,1020_rightphoto.jpg,1
1022_rightphoto.jpg,1022_rightphoto.jpg,1
1023_leftphoto.jpg,1023_leftphoto.jpg,1
1023_rightphoto.jpg,1023_rightphoto.jpg,1
1024_leftphoto.jpg,1024_leftphoto.jpg,1
1024_rightphoto.jpg,1024_rightphoto.jpg,1
1025_rightphoto.jpg,1025_rightphoto.jpg,1
1026_leftphoto.jpg,1026_leftphoto.jpg,1
1027_leftphoto.jpg,1027_leftphoto.jpg,1
1027_rightphoto.jpg,1027_rightphoto.jpg,1
1028_rightphoto.jpg,1028_rightphoto.jpg,1
1029_rightphoto.jpg,1029_rightphoto.jpg,1
102_leftphoto.jpg,102_leftphoto.jpg,1
102_rightphoto.jpg,102_rightphoto.jpg,1
1030_leftphoto.jpg,1030_leftphoto.jpg,1
1031_leftphoto.jpg,1031_leftphoto.jpg,1
1031_rightphoto.jpg,1031_rightphoto.jpg,1
1033_rightphoto.jpg,1033_rightphoto.jpg,1
1034_leftphoto.jpg,1034_leftphoto.jpg,1
1034_rightphoto.jpg,1034_rightphoto.jpg,1
1035_rightphoto.jpg,1035_rightphoto.jpg,1
1036_rightphoto.jpg,1036_rightphoto.jpg,1
1038_leftphoto.jpg,1038_leftphoto.jpg,1
1038_rightphoto.jpg,1038_rightphoto.jpg,1
1039_leftphoto.jpg,1039_leftphoto.jpg,1
103_leftphoto.jpg,103_leftphoto.jpg,1
103_rightphoto.jpg,103_rightphoto.jpg,1
1040_leftphoto.jpg,1040_leftphoto.jpg,1
1040_rightphoto.jpg,1040_rightphoto.jpg,1
1041_rightphoto.jpg,1041_rightphoto.jpg,1
1042_leftphoto.jpg,1042_leftphoto.jpg,1
1043_rightphoto.jpg,1043_rightphoto.jpg,1
1046_rightphoto.jpg,1046_rightphoto.jpg,1
1047_rightphoto.jpg,1047_rightphoto.jpg,1
1049_leftphoto.jpg,1049_leftphoto.jpg,1
104_leftphoto.jpg,104_leftphoto.jpg,1
104_rightphoto.jpg,104_rightphoto.jpg,1
1050_leftphoto.jpg,1050_leftphoto.jpg,1
1051_leftphoto.jpg,1051_leftphoto.jpg,1
1051_rightphoto.jpg,1051_rightphoto.jpg,1
1052_leftphoto.jpg,1052_leftphoto.jpg,1
1052_rightphoto.jpg,1052_rightphoto.jpg,1
1053_leftphoto.jpg,1053_leftphoto.jpg,1
1055_leftphoto.jpg,1055_leftphoto.jpg,1
1055_rightphoto.jpg,1055_rightphoto.jpg,1
1056_rightphoto.jpg,1056_rightphoto.jpg,1
1057_leftphoto.jpg,1057_leftphoto.jpg,1
1058_leftphoto.jpg,1058_leftphoto.jpg,1
1059_rightphoto.jpg,1059_rightphoto.jpg,1
105_leftphoto.jpg,105_leftphoto.jpg,1
105_rightphoto.jpg,105_rightphoto.jpg,1
1061_leftphoto.jpg,1061_leftphoto.jpg,1
1062_leftphoto.jpg,1062_leftphoto.jpg,1
1063_leftphoto.jpg,1063_leftphoto.jpg,1
1063_rightphoto.jpg,1063_rightphoto.jpg,1
1064_leftphoto.jpg,1064_leftphoto.jpg,1
1064_rightphoto.jpg,1064_rightphoto.jpg,1
1066_leftphoto.jpg,1066_leftphoto.jpg,1
1068_leftphoto.jpg,1068_leftphoto.jpg,1
106_leftphoto.jpg,106_leftphoto.jpg,1
106_rightphoto.jpg,106_rightphoto.jpg,1
107_leftphoto.jpg,107_leftphoto.jpg,1
107_rightphoto.jpg,107_rightphoto.jpg,1
108_leftphoto.jpg,108_leftphoto.jpg,1
108_rightphoto.jpg,108_rightphoto.jpg,1
109_leftphoto.jpg,109_leftphoto.jpg,1
109_rightphoto.jpg,109_rightphoto.jpg,1
10_leftphoto.jpg,10_leftphoto.jpg,1
10_rightphoto.jpg,10_rightphoto.jpg,1
110_leftphoto.jpg,110_leftphoto.jpg,1
110_rightphoto.jpg,110_rightphoto.jpg,1
111_leftphoto.jpg,111_leftphoto.jpg,1
111_rightphoto.jpg,111_rightphoto.jpg,1
112_leftphoto.jpg,112_leftphoto.jpg,1
112_rightphoto.jpg,112_rightphoto.jpg,1
113_leftphoto.jpg,113_leftphoto.jpg,1
113_rightphoto.jpg,113_rightphoto.jpg,1
115_leftphoto.jpg,115_leftphoto.jpg,1
115_rightphoto.jpg,115_rightphoto.jpg,1
116_leftphoto.jpg,116_leftphoto.jpg,1
116_rightphoto.jpg,116_rightphoto.jpg,1
117_leftphoto.jpg,117_leftphoto.jpg,1
117_rightphoto.jpg,117_rightphoto.jpg,1
119_leftphoto.jpg,119_leftphoto.jpg,1
119_rightphoto.jpg,119_rightphoto.jpg,1
11_leftphoto.jpg,11_leftphoto.jpg,1
11_rightphoto.jpg,11_rightphoto.jpg,1
120_leftphoto.jpg,120_leftphoto.jpg,1
120_rightphoto.jpg,120_rightphoto.jpg,1
121_leftphoto.jpg,121_leftphoto.jpg,1
121_rightphoto.jpg,121_rightphoto.jpg,1
122_leftphoto.jpg,122_leftphoto.jpg,1
122_rightphoto.jpg,122_rightphoto.jpg,1
123_leftphoto.jpg,123_leftphoto.jpg,1
123_rightphoto.jpg,123_rightphoto.jpg,1
124_leftphoto.jpg,124_leftphoto.jpg,1
124_rightphoto.jpg,124_rightphoto.jpg,1
125_leftphoto.jpg,125_leftphoto.jpg,1
125_rightphoto.jpg,125_rightphoto.jpg,1
126_leftphoto.jpg,126_leftphoto.jpg,1
126_rightphoto.jpg,126_rightphoto.jpg,1
127_leftphoto.jpg,127_leftphoto.jpg,1
127_rightphoto.jpg,127_rightphoto.jpg,1
128_leftphoto.jpg,128_leftphoto.jpg,1
128_rightphoto.jpg,128_rightphoto.jpg,1
129_leftphoto.jpg,129_leftphoto.jpg,1
129_rightphoto.jpg,129_rightphoto.jpg,1
12_leftphoto.jpg,12_leftphoto.jpg,1
12_rightphoto.jpg,12_rightphoto.jpg,1
130_leftphoto.jpg,130_leftphoto.jpg,1
130_rightphoto.jpg,130_rightphoto.jpg,1
131_leftphoto.jpg,131_leftphoto.jpg,1
131_rightphoto.jpg,131_rightphoto.jpg,1
132_leftphoto.jpg,132_leftphoto.jpg,1
132_rightphoto.jpg,132_rightphoto.jpg,1
133_leftphoto.jpg,133_leftphoto.jpg,1
133_rightphoto.jpg,133_rightphoto.jpg,1
134_leftphoto.jpg,134_leftphoto.jpg,1
134_rightphoto.jpg,134_rightphoto.jpg,1
135_leftphoto.jpg,135_leftphoto.jpg,1
135_rightphoto.jpg,135_rightphoto.jpg,1
136_leftphoto.jpg,136_leftphoto.jpg,1
136_rightphoto.jpg,136_rightphoto.jpg,1
137_leftphoto.jpg,137_leftphoto.jpg,1
137_rightphoto.jpg,137_rightphoto.jpg,1
138_leftphoto.jpg,138_leftphoto.jpg,1
138_rightphoto.jpg,138_rightphoto.jpg,1
139_leftphoto.jpg,139_leftphoto.jpg,1
139_rightphoto.jpg,139_rightphoto.jpg,1
13_leftphoto.jpg,13_leftphoto.jpg,1
13_rightphoto.jpg,13_rightphoto.jpg,1
140_leftphoto.jpg,140_leftphoto.jpg,1
140_rightphoto.jpg,140_rightphoto.jpg,1
141_leftphoto.jpg,141_leftphoto.jpg,1
141_rightphoto.jpg,141_rightphoto.jpg,1
142_leftphoto.jpg,142_leftphoto.jpg,1
142_rightphoto.jpg,142_rightphoto.jpg,1
143_leftphoto.jpg,143_leftphoto.jpg,1
143_rightphoto.jpg,143_rightphoto.jpg,1
144_leftphoto.jpg,144_leftphoto.jpg,1
144_rightphoto.jpg,144_rightphoto.jpg,1
145_leftphoto.jpg,145_leftphoto.jpg,1
145_rightphoto.jpg,145_rightphoto.jpg,1
146_leftphoto.jpg,146_leftphoto.jpg,1
146_rightphoto.jpg,146_rightphoto.jpg,1
147_leftphoto.jpg,147_leftphoto.jpg,1
147_rightphoto.jpg,147_rightphoto.jpg,1
148_leftphoto.jpg,148_leftphoto.jpg,1
148_rightphoto.jpg,148_rightphoto.jpg,1
149_leftphoto.jpg,149_leftphoto.jpg,1
149_rightphoto.jpg,149_rightphoto.jpg,1
14_leftphoto.jpg,14_leftphoto.jpg,1
14_rightphoto.jpg,14_rightphoto.jpg,1
150_leftphoto.jpg,150_leftphoto.jpg,1
150_rightphoto.jpg,150_rightphoto.jpg,1
151_leftphoto.jpg,151_leftphoto.jpg,1
151_rightphoto.jpg,151_rightphoto.jpg,1
152_leftphoto.jpg,152_leftphoto.jpg,1
152_rightphoto.jpg,152_rightphoto.jpg,1
153_leftphoto.jpg,153_leftphoto.jpg,1
153_rightphoto.jpg,153_rightphoto.jpg,1
154_leftphoto.jpg,154_leftphoto.jpg,1
154_rightphoto.jpg,154_rightphoto.jpg,1
155_leftphoto.jpg,155_leftphoto.jpg,1
155_rightphoto.jpg,155_rightphoto.jpg,1
156_leftphoto.jpg,156_leftphoto.jpg,1
156_rightphoto.jpg,156_rightphoto.jpg,1
157_leftphoto.jpg,157_leftphoto.jpg,1
157_rightphoto.jpg,157_rightphoto.jpg,1
158_leftphoto.jpg,158_leftphoto.jpg,1
158_rightphoto.jpg,158_rightphoto.jpg,1
159_leftphoto.jpg,159_leftphoto.jpg,1
159_rightphoto.jpg,159_rightphoto.jpg,1
15_leftphoto.jpg,15_leftphoto.jpg,1
15_rightphoto.jpg,15_rightphoto.jpg,1
160_leftphoto.jpg,160_leftphoto.jpg,1
160_rightphoto.jpg,160_rightphoto.jpg,1
161_leftphoto.jpg,161_leftphoto.jpg,1
161_rightphoto.jpg,161_rightphoto.jpg,1
162_leftphoto.jpg,162_leftphoto.jpg,1
162_rightphoto.jpg,162_rightphoto.jpg,1
163_leftphoto.jpg,163_leftphoto.jpg,1
163_rightphoto.jpg,163_rightphoto.jpg,1
164_leftphoto.jpg,164_leftphoto.jpg,1
164_rightphoto.jpg,164_rightphoto.jpg,1
165_leftphoto.jpg,165_leftphoto.jpg,1
165_rightphoto.jpg,165_rightphoto.jpg,1
166_leftphoto.jpg,166_leftphoto.jpg,1
166_rightphoto.jpg,166_rightphoto.jpg,1
167_leftphoto.jpg,167_leftphoto.jpg,1
167_rightphoto.jpg,167_rightphoto.jpg,1
168_leftphoto.jpg,168_leftphoto.jpg,1
168_rightphoto.jpg,168_rightphoto.jpg,1
169_leftphoto.jpg,169_leftphoto.jpg,1
169_rightphoto.jpg,169_rightphoto.jpg,1
16_leftphoto.jpg,16_leftphoto.jpg,1
16_rightphoto.jpg,16_rightphoto.jpg,1
170_leftphoto.jpg,170_leftphoto.jpg,1
170_rightphoto.jpg,170_rightphoto.jpg,1
172_leftphoto.jpg,172_leftphoto.jpg,1
172_rightphoto.jpg,172_rightphoto.jpg,1
173_leftphoto.jpg,173_leftphoto.jpg,1
173_rightphoto.jpg,173_rightphoto.jpg,1
174_leftphoto.jpg,174_leftphoto.jpg,1
174_rightphoto.jpg,174_rightphoto.jpg,1
175_leftphoto.jpg,175_leftphoto.jpg,1
175_rightphoto.jpg,175_rightphoto.jpg,1
176_leftphoto.jpg,176_leftphoto.jpg,1
176_rightphoto.jpg,176_rightphoto.jpg,1
177_leftphoto.jpg,177_leftphoto.jpg,1
177_rightphoto.jpg,177_rightphoto.jpg,1
178_leftphoto.jpg,178_leftphoto.jpg,1
178_rightphoto.jpg,178_rightphoto.jpg,1
179_leftphoto.jpg,179_leftphoto.jpg,1
179_rightphoto.jpg,179_rightphoto.jpg,1
17_leftphoto.jpg,17_leftphoto.jpg,1
17_rightphoto.jpg,17_rightphoto.jpg,1
180_leftphoto.jpg,180_leftphoto.jpg,1
180_rightphoto.jpg,180_rightphoto.jpg,1
181_leftphoto.jpg,181_leftphoto.jpg,1
181_rightphoto.jpg,181_rightphoto.jpg,1
182_leftphoto.jpg,182_leftphoto.jpg,1
182_rightphoto.jpg,182_rightphoto.jpg,1
183_leftphoto.jpg,183_leftphoto.jpg,1
183_rightphoto.jpg,183_rightphoto.jpg,1
184_leftphoto.jpg,184_leftphoto.jpg,1
184_rightphoto.jpg,184_rightphoto.jpg,1
185_leftphoto.jpg,185_leftphoto.jpg,1
185_rightphoto.jpg,185_rightphoto.jpg,1
186_leftphoto.jpg,186_leftphoto.jpg,1
186_rightphoto.jpg,186_rightphoto.jpg,1
187_leftphoto.jpg,187_leftphoto.jpg,1
187_rightphoto.jpg,187_rightphoto.jpg,1
188_leftphoto.jpg,188_leftphoto.jpg,1
188_rightphoto.jpg,188_rightphoto.jpg,1
189_leftphoto.jpg,189_leftphoto.jpg,1
189_rightphoto.jpg,189_rightphoto.jpg,1
18_leftphoto.jpg,18_leftphoto.jpg,1
18_rightphoto.jpg,18_rightphoto.jpg,1
190_leftphoto.jpg,190_leftphoto.jpg,1
190_rightphoto.jpg,190_rightphoto.jpg,1
191_leftphoto.jpg,191_leftphoto.jpg,1
191_rightphoto.jpg,191_rightphoto.jpg,1
192_leftphoto.jpg,192_leftphoto.jpg,1
192_rightphoto.jpg,192_rightphoto.jpg,1
193_leftphoto.jpg,193_leftphoto.jpg,1
193_rightphoto.jpg,193_rightphoto.jpg,1
194_leftphoto.jpg,194_leftphoto.jpg,1
194_rightphoto.jpg,194_rightphoto.jpg,1
195_leftphoto.jpg,195_leftphoto.jpg,1
195_rightphoto.jpg,195_rightphoto.jpg,1
196_leftphoto.jpg,196_leftphoto.jpg,1
196_rightphoto.jpg,196_rightphoto.jpg,1
198_leftphoto.jpg,198_leftphoto.jpg,1
198_rightphoto.jpg,198_rightphoto.jpg,1
199_leftphoto.jpg,199_leftphoto.jpg,1
199_rightphoto.jpg,199_rightphoto.jpg,1
19_leftphoto.jpg,19_leftphoto.jpg,1
19_rightphoto.jpg,19_rightphoto.jpg,1
200_leftphoto.jpg,200_leftphoto.jpg,1
200_rightphoto.jpg,200_rightphoto.jpg,1
201_leftphoto.jpg,201_leftphoto.jpg,1
201_rightphoto.jpg,201_rightphoto.jpg,1
202_leftphoto.jpg,202_leftphoto.jpg,1
202_rightphoto.jpg,202_rightphoto.jpg,1
203_leftphoto.jpg,203_leftphoto.jpg,1
203_rightphoto.jpg,203_rightphoto.jpg,1
204_leftphoto.jpg,204_leftphoto.jpg,1
204_rightphoto.jpg,204_rightphoto.jpg,1
205_leftphoto.jpg,205_leftphoto.jpg,1
205_rightphoto.jpg,205_rightphoto.jpg,1
206_leftphoto.jpg,206_leftphoto.jpg,1
206_rightphoto.jpg,206_rightphoto.jpg,1
207_leftphoto.jpg,207_leftphoto.jpg,1
207_rightphoto.jpg,207_rightphoto.jpg,1
208_leftphoto.jpg,208_leftphoto.jpg,1
208_rightphoto.jpg,208_rightphoto.jpg,1
209_leftphoto.jpg,209_leftphoto.jpg,1
209_rightphoto.jpg,209_rightphoto.jpg,1
20_leftphoto.jpg,20_leftphoto.jpg,1
20_rightphoto.jpg,20_rightphoto.jpg,1
210_leftphoto.jpg,210_leftphoto.jpg,1
210_rightphoto.jpg,210_rightphoto.jpg,1
211_leftphoto.jpg,211_leftphoto.jpg,1
211_rightphoto.jpg,211_rightphoto.jpg,1
212_leftphoto.jpg,212_leftphoto.jpg,1
212_rightphoto.jpg,212_rightphoto.jpg,1
213_leftphoto.jpg,213_leftphoto.jpg,1
213_rightphoto.jpg,213_rightphoto.jpg,1
214_leftphoto.jpg,214_leftphoto.jpg,1
214_rightphoto.jpg,214_rightphoto.jpg,1
215_leftphoto.jpg,215_leftphoto.jpg,1
215_rightphoto.jpg,215_rightphoto.jpg,1
216_leftphoto.jpg,216_leftphoto.jpg,1
216_rightphoto.jpg,216_rightphoto.jpg,1
217_leftphoto.jpg,217_leftphoto.jpg,1
217_rightphoto.jpg,217_rightphoto.jpg,1
218_leftphoto.jpg,218_leftphoto.jpg,1
218_rightphoto.jpg,218_rightphoto.jpg,1
219_leftphoto.jpg,219_leftphoto.jpg,1
219_rightphoto.jpg,219_rightphoto.jpg,1
21_leftphoto.jpg,21_leftphoto.jpg,1
21_rightphoto.jpg,21_rightphoto.jpg,1
220_leftphoto.jpg,220_leftphoto.jpg,1
220_rightphoto.jpg,220_rightphoto.jpg,1
221_leftphoto.jpg,221_leftphoto.jpg,1
221_rightphoto.jpg,221_rightphoto.jpg,1
222_leftphoto.jpg,222_leftphoto.jpg,1
222_rightphoto.jpg,222_rightphoto.jpg,1
223_leftphoto.jpg,223_leftphoto.jpg,1
223_rightphoto.jpg,223_rightphoto.jpg,1
224_leftphoto.jpg,224_leftphoto.jpg,1
224_rightphoto.jpg,224_rightphoto.jpg,1
225_leftphoto.jpg,225_leftphoto.jpg,1
225_rightphoto.jpg,225_rightphoto.jpg,1
226_leftphoto.jpg,226_leftphoto.jpg,1
226_rightphoto.jpg,226_rightphoto.jpg,1
227_leftphoto.jpg,227_leftphoto.jpg,1
227_rightphoto.jpg,227_rightphoto.jpg,1
228_leftphoto.jpg,228_leftphoto.jpg,1
228_rightphoto.jpg,228_rightphoto.jpg,1
229_leftphoto.jpg,229_leftphoto.jpg,1
229_rightphoto.jpg,229_rightphoto.jpg,1
22_leftphoto.jpg,22_leftphoto.jpg,1
22_rightphoto.jpg,22_rightphoto.jpg,1
230_leftphoto.jpg,230_leftphoto.jpg,1
230_rightphoto.jpg,230_rightphoto.jpg,1
231_leftphoto.jpg,231_leftphoto.jpg,1
231_rightphoto.jpg,231_rightphoto.jpg,1
232_leftphoto.jpg,232_leftphoto.jpg,1
232_rightphoto.jpg,232_rightphoto.jpg,1
233_leftphoto.jpg,233_leftphoto.jpg,1
233_rightphoto.jpg,233_rightphoto.jpg,1
234_leftphoto.jpg,234_leftphoto.jpg,1
234_rightphoto.jpg,234_rightphoto.jpg,1
235_leftphoto.jpg,235_leftphoto.jpg,1
235_rightphoto.jpg,235_rightphoto.jpg,1
236_leftphoto.jpg,236_leftphoto.jpg,1
236_rightphoto.jpg,236_rightphoto.jpg,1
237_leftphoto.jpg,237_leftphoto.jpg,1
237_rightphoto.jpg,237_rightphoto.jpg,1
238_leftphoto.jpg,238_leftphoto.jpg,1
238_rightphoto.jpg,238_rightphoto.jpg,1
239_leftphoto.jpg,239_leftphoto.jpg,1
239_rightphoto.jpg,239_rightphoto.jpg,1
23_leftphoto.jpg,23_leftphoto.jpg,1
23_rightphoto.jpg,23_rightphoto.jpg,1
240_leftphoto.jpg,240_leftphoto.jpg,1
240_rightphoto.jpg,240_rightphoto.jpg,1
241_leftphoto.jpg,241_leftphoto.jpg,1
241_rightphoto.jpg,241_rightphoto.jpg,1
242_leftphoto.jpg,242_leftphoto.jpg,1
242_rightphoto.jpg,242_rightphoto.jpg,1
243_leftphoto.jpg,243_leftphoto.jpg,1
243_rightphoto.jpg,243_rightphoto.jpg,1
244_leftphoto.jpg,244_leftphoto.jpg,1
244_rightphoto.jpg,244_rightphoto.jpg,1
245_leftphoto.jpg,245_leftphoto.jpg,1
245_rightphoto.jpg,245_rightphoto.jpg,1
246_leftphoto.jpg,246_leftphoto.jpg,1
246_rightphoto.jpg,246_rightphoto.jpg,1
247_leftphoto.jpg,247_leftphoto.jpg,1
247_rightphoto.jpg,247_rightphoto.jpg,1
248_leftphoto.jpg,248_leftphoto.jpg,1
248_rightphoto.jpg,248_rightphoto.jpg,1
249_leftphoto.jpg,249_leftphoto.jpg,1
249_rightphoto.jpg,249_rightphoto.jpg,1
24_leftphoto.jpg,24_leftphoto.jpg,1
24_rightphoto.jpg,24_rightphoto.jpg,1
250_leftphoto.jpg,250_leftphoto.jpg,1
250_rightphoto.jpg,250_rightphoto.jpg,1
251_leftphoto.jpg,251_leftphoto.jpg,1
251_rightphoto.jpg,251_rightphoto.jpg,1
252_leftphoto.jpg,252_leftphoto.jpg,1
252_rightphoto.jpg,252_rightphoto.jpg,1
253_leftphoto.jpg,253_leftphoto.jpg,1
253_rightphoto.jpg,253_rightphoto.jpg,1
254_leftphoto.jpg,254_leftphoto.jpg,1
254_rightphoto.jpg,254_rightphoto.jpg,1
255_leftphoto.jpg,255_leftphoto.jpg,1
255_rightphoto.jpg,255_rightphoto.jpg,1
256_leftphoto.jpg,256_leftphoto.jpg,1
256_rightphoto.jpg,256_rightphoto.jpg,1
257_leftphoto.jpg,257_leftphoto.jpg,1
257_rightphoto.jpg,257_rightphoto.jpg,1
258_leftphoto.jpg,258_leftphoto.jpg,1
258_rightphoto.jpg,258_rightphoto.jpg,1
25_leftphoto.jpg,25_leftphoto.jpg,1
25_rightphoto.jpg,25_rightphoto.jpg,1
260_leftphoto.jpg,260_leftphoto.jpg,1
260_rightphoto.jpg,260_rightphoto.jpg,1
261_leftphoto.jpg,261_leftphoto.jpg,1
261_rightphoto.jpg,261_rightphoto.jpg,1
262_leftphoto.jpg,262_leftphoto.jpg,1
262_rightphoto.jpg,262_rightphoto.jpg,1
263_leftphoto.jpg,263_leftphoto.jpg,1
263_rightphoto.jpg,263_rightphoto.jpg,1
264_leftphoto.jpg,264_leftphoto.jpg,1
264_rightphoto.jpg,264_rightphoto.jpg,1
265_leftphoto.jpg,265_leftphoto.jpg,1
265_rightphoto.jpg,265_rightphoto.jpg,1
266_leftphoto.jpg,266_leftphoto.jpg,1
266_rightphoto.jpg,266_rightphoto.jpg,1
267_leftphoto.jpg,267_leftphoto.jpg,1
267_rightphoto.jpg,267_rightphoto.jpg,1
268_leftphoto.jpg,268_leftphoto.jpg,1
268_rightphoto.jpg,268_rightphoto.jpg,1
269_leftphoto.jpg,269_leftphoto.jpg,1
269_rightphoto.jpg,269_rightphoto.jpg,1
26_leftphoto.jpg,26_leftphoto.jpg,1
26_rightphoto.jpg,26_rightphoto.jpg,1
270_leftphoto.jpg,270_leftphoto.jpg,1
270_rightphoto.jpg,270_rightphoto.jpg,1
271_leftphoto.jpg,271_leftphoto.jpg,1
271_rightphoto.jpg,271_rightphoto.jpg,1
272_leftphoto.jpg,272_leftphoto.jpg,1
272_rightphoto.jpg,272_rightphoto.jpg,1
273_leftphoto.jpg,273_leftphoto.jpg,1
273_rightphoto.jpg,273_rightphoto.jpg,1
274_leftphoto.jpg,274_leftphoto.jpg,1
274_rightphoto.jpg,274_rightphoto.jpg,1
275_leftphoto.jpg,275_leftphoto.jpg,1
275_rightphoto.jpg,275_rightphoto.jpg,1
276_leftphoto.jpg,276_leftphoto.jpg,1
276_rightphoto.jpg,276_rightphoto.jpg,1
277_leftphoto.jpg,277_leftphoto.jpg,1
277_rightphoto.jpg,277_rightphoto.jpg,1
278_leftphoto.jpg,278_leftphoto.jpg,1
278_rightphoto.jpg,278_rightphoto.jpg,1
279_leftphoto.jpg,279_leftphoto.jpg,1
279_rightphoto.jpg,279_rightphoto.jpg,1
27_leftphoto.jpg,27_leftphoto.jpg,1
27_rightphoto.jpg,27_rightphoto.jpg,1
280_leftphoto.jpg,280_leftphoto.jpg,1
280_rightphoto.jpg,280_rightphoto.jpg,1
281_leftphoto.jpg,281_leftphoto.jpg,1
281_rightphoto.jpg,281_rightphoto.jpg,1
282_leftphoto.jpg,282_leftphoto.jpg,1
282_rightphoto.jpg,282_rightphoto.jpg,1
283_leftphoto.jpg,283_leftphoto.jpg,1
283_rightphoto.jpg,283_rightphoto.jpg,1
284_leftphoto.jpg,284_leftphoto.jpg,1
284_rightphoto.jpg,284_rightphoto.jpg,1
285_leftphoto.jpg,285_leftphoto.jpg,1
285_rightphoto.jpg,285_rightphoto.jpg,1
286_leftphoto.jpg,286_leftphoto.jpg,1
286_rightphoto.jpg,286_rightphoto.jpg,1
287_leftphoto.jpg,287_leftphoto.jpg,1
287_rightphoto.jpg,287_rightphoto.jpg,1
288_leftphoto.jpg,288_leftphoto.jpg,1
288_rightphoto.jpg,288_rightphoto.jpg,1
289_leftphoto.jpg,289_leftphoto.jpg,1
289_rightphoto.jpg,289_rightphoto.jpg,1
28_leftphoto.jpg,28_leftphoto.jpg,1
28_rightphoto.jpg,28_rightphoto.jpg,1
290_leftphoto.jpg,290_leftphoto.jpg,1
290_rightphoto.jpg,290_rightphoto.jpg,1
291_leftphoto.jpg,291_leftphoto.jpg,1
291_rightphoto.jpg,291_rightphoto.jpg,1
292_leftphoto.jpg,292_leftphoto.jpg,1
292_rightphoto.jpg,292_rightphoto.jpg,1
293_leftphoto.jpg,293_leftphoto.jpg,1
293_rightphoto.jpg,293_rightphoto.jpg,1
294_leftphoto.jpg,294_leftphoto.jpg,1
294_rightphoto.jpg,294_rightphoto.jpg,1
295_leftphoto.jpg,295_leftphoto.jpg,1
295_rightphoto.jpg,295_rightphoto.jpg,1
296_leftphoto.jpg,296_leftphoto.jpg,1
296_rightphoto.jpg,296_rightphoto.jpg,1
297_leftphoto.jpg,297_leftphoto.jpg,1
297_rightphoto.jpg,297_rightphoto.jpg,1
298_leftphoto.jpg,298_leftphoto.jpg,1
298_rightphoto.jpg,298_rightphoto.jpg,1
299_leftphoto.jpg,299_leftphoto.jpg,1
299_rightphoto.jpg,299_rightphoto.jpg,1
29_leftphoto.jpg,29_leftphoto.jpg,1
29_rightphoto.jpg,29_rightphoto.jpg,1
2_leftphoto.jpg,2_leftphoto.jpg,1
2_rightphoto.jpg,2_rightphoto.jpg,1
300_leftphoto.jpg,300_leftphoto.jpg,1
300_rightphoto.jpg,300_rightphoto.jpg,1
301_leftphoto.jpg,301_leftphoto.jpg,1
301_rightphoto.jpg,301_rightphoto.jpg,1
302_leftphoto.jpg,302_leftphoto.jpg,1
302_rightphoto.jpg,302_rightphoto.jpg,1
303_leftphoto.jpg,303_leftphoto.jpg,1
303_rightphoto.jpg,303_rightphoto.jpg,1
304_leftphoto.jpg,304_leftphoto.jpg,1
304_rightphoto.jpg,304_rightphoto.jpg,1
305_leftphoto.jpg,305_leftphoto.jpg,1
305_rightphoto.jpg,305_rightphoto.jpg,1
306_leftphoto.jpg,306_leftphoto.jpg,1
306_rightphoto.jpg,306_rightphoto.jpg,1
307_leftphoto.jpg,307_leftphoto.jpg,1
307_rightphoto.jpg,307_rightphoto.jpg,1
308_leftphoto.jpg,308_leftphoto.jpg,1
308_rightphoto.jpg,308_rightphoto.jpg,1
309_leftphoto.jpg,309_leftphoto.jpg,1
309_rightphoto.jpg,309_rightphoto.jpg,1
30_leftphoto.jpg,30_leftphoto.jpg,1
30_rightphoto.jpg,30_rightphoto.jpg,1
310_leftphoto.jpg,310_leftphoto.jpg,1
310_rightphoto.jpg,310_rightphoto.jpg,1
311_leftphoto.jpg,311_leftphoto.jpg,1
311_rightphoto.jpg,311_rightphoto.jpg,1
312_leftphoto.jpg,312_leftphoto.jpg,1
312_rightphoto.jpg,312_rightphoto.jpg,1
313_leftphoto.jpg,313_leftphoto.jpg,1
313_rightphoto.jpg,313_rightphoto.jpg,1
314_leftphoto.jpg,314_leftphoto.jpg,1
314_rightphoto.jpg,314_rightphoto.jpg,1
315_leftphoto.jpg,315_leftphoto.jpg,1
315_rightphoto.jpg,315_rightphoto.jpg,1
316_leftphoto.jpg,316_leftphoto.jpg,1
316_rightphoto.jpg,316_rightphoto.jpg,1
317_leftphoto.jpg,317_leftphoto.jpg,1
317_rightphoto.jpg,317_rightphoto.jpg,1
318_leftphoto.jpg,318_leftphoto.jpg,1
318_rightphoto.jpg,318_rightphoto.jpg,1
31_leftphoto.jpg,31_leftphoto.jpg,1
31_rightphoto.jpg,31_rightphoto.jpg,1
320_leftphoto.jpg,320_leftphoto.jpg,1
320_rightphoto.jpg,320_rightphoto.jpg,1
321_leftphoto.jpg,321_leftphoto.jpg,1
321_rightphoto.jpg,321_rightphoto.jpg,1
322_leftphoto.jpg,322_leftphoto.jpg,1
322_rightphoto.jpg,322_rightphoto.jpg,1
323_leftphoto.jpg,323_leftphoto.jpg,1
323_rightphoto.jpg,323_rightphoto.jpg,1
324_leftphoto.jpg,324_leftphoto.jpg,1
324_rightphoto.jpg,324_rightphoto.jpg,1
325_leftphoto.jpg,325_leftphoto.jpg,1
325_rightphoto.jpg,325_rightphoto.jpg,1
326_leftphoto.jpg,326_leftphoto.jpg,1
326_rightphoto.jpg,326_rightphoto.jpg,1
327_leftphoto.jpg,327_leftphoto.jpg,1
327_rightphoto.jpg,327_rightphoto.jpg,1
328_leftphoto.jpg,328_leftphoto.jpg,1
328_rightphoto.jpg,328_rightphoto.jpg,1
329_leftphoto.jpg,329_leftphoto.jpg,1
329_rightphoto.jpg,329_rightphoto.jpg,1
32_leftphoto.jpg,32_leftphoto.jpg,1
32_rightphoto.jpg,32_rightphoto.jpg,1
330_leftphoto.jpg,330_leftphoto.jpg,1
330_rightphoto.jpg,330_rightphoto.jpg,1
331_leftphoto.jpg,331_leftphoto.jpg,1
331_rightphoto.jpg,331_rightphoto.jpg,1
332_leftphoto.jpg,332_leftphoto.jpg,1
332_rightphoto.jpg,332_rightphoto.jpg,1
333_leftphoto.jpg,333_leftphoto.jpg,1
333_rightphoto.jpg,333_rightphoto.jpg,1
334_leftphoto.jpg,334_leftphoto.jpg,1
334_rightphoto.jpg,334_rightphoto.jpg,1
335_leftphoto.jpg,335_leftphoto.jpg,1
335_rightphoto.jpg,335_rightphoto.jpg,1
336_leftphoto.jpg,336_leftphoto.jpg,1
336_rightphoto.jpg,336_rightphoto.jpg,1
337_leftphoto.jpg,337_leftphoto.jpg,1
337_rightphoto.jpg,337_rightphoto.jpg,1
338_leftphoto.jpg,338_leftphoto.jpg,1
338_rightphoto.jpg,338_rightphoto.jpg,1
339_leftphoto.jpg,339_leftphoto.jpg,1
339_rightphoto.jpg,339_rightphoto.jpg,1
33_leftphoto.jpg,33_leftphoto.jpg,1
33_rightphoto.jpg,33_rightphoto.jpg,1
340_leftphoto.jpg,340_leftphoto.jpg,1
342_leftphoto.jpg,342_leftphoto.jpg,1
342_rightphoto.jpg,342_rightphoto.jpg,1
343_leftphoto.jpg,343_leftphoto.jpg,1
343_rightphoto.jpg,343_rightphoto.jpg,1
344_leftphoto.jpg,344_leftphoto.jpg,1
344_rightphoto.jpg,344_rightphoto.jpg,1
345_leftphoto.jpg,345_leftphoto.jpg,1
346_leftphoto.jpg,346_leftphoto.jpg,1
346_rightphoto.jpg,346_rightphoto.jpg,1
347_leftphoto.jpg,347_leftphoto.jpg,1
347_rightphoto.jpg,347_rightphoto.jpg,1
348_leftphoto.jpg,348_leftphoto.jpg,1
348_rightphoto.jpg,348_rightphoto.jpg,1
349_leftphoto.jpg,349_leftphoto.jpg,1
349_rightphoto.jpg,349_rightphoto.jpg,1
34_leftphoto.jpg,34_leftphoto.jpg,1
34_rightphoto.jpg,34_rightphoto.jpg,1
350_leftphoto.jpg,350_leftphoto.jpg,1
350_rightphoto.jpg,350_rightphoto.jpg,1
351_leftphoto.jpg,351_leftphoto.jpg,1
351_rightphoto.jpg,351_rightphoto.jpg,1
352_leftphoto.jpg,352_leftphoto.jpg,1
352_rightphoto.jpg,352_rightphoto.jpg,1
353_leftphoto.jpg,353_leftphoto.jpg,1
353_rightphoto.jpg,353_rightphoto.jpg,1
354_leftphoto.jpg,354_leftphoto.jpg,1
354_rightphoto.jpg,354_rightphoto.jpg,1
355_leftphoto.jpg,355_leftphoto.jpg,1
355_rightphoto.jpg,355_rightphoto.jpg,1
356_rightphoto.jpg,356_rightphoto.jpg,1
357_leftphoto.jpg,357_leftphoto.jpg,1
357_rightphoto.jpg,357_rightphoto.jpg,1
358_leftphoto.jpg,358_leftphoto.jpg,1
359_leftphoto.jpg,359_leftphoto.jpg,1
35_leftphoto.jpg,35_leftphoto.jpg,1
35_rightphoto.jpg,35_rightphoto.jpg,1
360_leftphoto.jpg,360_leftphoto.jpg,1
361_leftphoto.jpg,361_leftphoto.jpg,1
361_rightphoto.jpg,361_rightphoto.jpg,1
363_leftphoto.jpg,363_leftphoto.jpg,1
364_leftphoto.jpg,364_leftphoto.jpg,1
364_rightphoto.jpg,364_rightphoto.jpg,1
365_leftphoto.jpg,365_leftphoto.jpg,1
365_rightphoto.jpg,365_rightphoto.jpg,1
367_rightphoto.jpg,367_rightphoto.jpg,1
368_leftphoto.jpg,368_leftphoto.jpg,1
368_rightphoto.jpg,368_rightphoto.jpg,1
369_leftphoto.jpg,369_leftphoto.jpg,1
36_leftphoto.jpg,36_leftphoto.jpg,1
36_rightphoto.jpg,36_rightphoto.jpg,1
370_leftphoto.jpg,370_leftphoto.jpg,1
371_rightphoto.jpg,371_rightphoto.jpg,1
372_rightphoto.jpg,372_rightphoto.jpg,1
373_leftphoto.jpg,373_leftphoto.jpg,1
375_leftphoto.jpg,375_leftphoto.jpg,1
375_rightphoto.jpg,375_rightphoto.jpg,1
376_rightphoto.jpg,376_rightphoto.jpg,1
377_leftphoto.jpg,377_leftphoto.jpg,1
379_leftphoto.jpg,379_leftphoto.jpg,1
37_leftphoto.jpg,37_leftphoto.jpg,1
37_rightphoto.jpg,37_rightphoto.jpg,1
380_leftphoto.jpg,380_leftphoto.jpg,1
380_rightphoto.jpg,380_rightphoto.jpg,1
381_leftphoto.jpg,381_leftphoto.jpg,1
382_leftphoto.jpg,382_leftphoto.jpg,1
382_rightphoto.jpg,382_rightphoto.jpg,1
385_leftphoto.jpg,385_leftphoto.jpg,1
387_rightphoto.jpg,387_rightphoto.jpg,1
389_leftphoto.jpg,389_leftphoto.jpg,1
38_leftphoto.jpg,38_leftphoto.jpg,1
38_rightphoto.jpg,38_rightphoto.jpg,1
391_leftphoto.jpg,391_leftphoto.jpg,1
391_rightphoto.jpg,391_rightphoto.jpg,1
393_rightphoto.jpg,393_rightphoto.jpg,1
394_leftphoto.jpg,394_leftphoto.jpg,1
394_rightphoto.jpg,394_rightphoto.jpg,1
398_leftphoto.jpg,398_leftphoto.jpg,1
399_leftphoto.jpg,399_leftphoto.jpg,1
39_leftphoto.jpg,39_leftphoto.jpg,1
39_rightphoto.jpg,39_rightphoto.jpg,1
3_leftphoto.jpg,3_leftphoto.jpg,1
3_rightphoto.jpg,3_rightphoto.jpg,1
400_leftphoto.jpg,400_leftphoto.jpg,1
400_rightphoto.jpg,400_rightphoto.jpg,1
401_leftphoto.jpg,401_leftphoto.jpg,1
401_rightphoto.jpg,401_rightphoto.jpg,1
402_rightphoto.jpg,402_rightphoto.jpg,1
404_rightphoto.jpg,404_rightphoto.jpg,1
405_rightphoto.jpg,405_rightphoto.jpg,1
406_leftphoto.jpg,406_leftphoto.jpg,1
407_rightphoto.jpg,407_rightphoto.jpg,1
409_leftphoto.jpg,409_leftphoto.jpg,1
40_leftphoto.jpg,40_leftphoto.jpg,1
40_rightphoto.jpg,40_rightphoto.jpg,1
410_rightphoto.jpg,410_rightphoto.jpg,1
412_rightphoto.jpg,412_rightphoto.jpg,1
414_leftphoto.jpg,414_leftphoto.jpg,1
416_leftphoto.jpg,416_leftphoto.jpg,1
419_leftphoto.jpg,419_leftphoto.jpg,1
41_leftphoto.jpg,41_leftphoto.jpg,1
41_rightphoto.jpg,41_rightphoto.jpg,1
420_leftphoto.jpg,420_leftphoto.jpg,1
421_rightphoto.jpg,421_rightphoto.jpg,1
422_leftphoto.jpg,422_leftphoto.jpg,1
422_rightphoto.jpg,422_rightphoto.jpg,1
424_leftphoto.jpg,424_leftphoto.jpg,1
424_rightphoto.jpg,424_rightphoto.jpg,1
425_leftphoto.jpg,425_leftphoto.jpg,1
425_rightphoto.jpg,425_rightphoto.jpg,1
426_leftphoto.jpg,426_leftphoto.jpg,1
427_leftphoto.jpg,427_leftphoto.jpg,1
428_leftphoto.jpg,428_leftphoto.jpg,1
428_rightphoto.jpg,428_rightphoto.jpg,1
429_leftphoto.jpg,429_leftphoto.jpg,1
429_rightphoto.jpg,429_rightphoto.jpg,1
42_leftphoto.jpg,42_leftphoto.jpg,1
42_rightphoto.jpg,42_rightphoto.jpg,1
430_rightphoto.jpg,430_rightphoto.jpg,1
431_rightphoto.jpg,431_rightphoto.jpg,1
432_leftphoto.jpg,432_leftphoto.jpg,1
433_leftphoto.jpg,433_leftphoto.jpg,1
435_rightphoto.jpg,435_rightphoto.jpg,1
436_rightphoto.jpg,436_rightphoto.jpg,1
437_leftphoto.jpg,437_leftphoto.jpg,1
437_rightphoto.jpg,437_rightphoto.jpg,1
43_leftphoto.jpg,43_leftphoto.jpg,1
43_rightphoto.jpg,43_rightphoto.jpg,1
440_leftphoto.jpg,440_leftphoto.jpg,1
442_leftphoto.jpg,442_leftphoto.jpg,1
442_rightphoto.jpg,442_rightphoto.jpg,1
443_leftphoto.jpg,443_leftphoto.jpg,1
443_rightphoto.jpg,443_rightphoto.jpg,1
444_leftphoto.jpg,444_leftphoto.jpg,1
444_rightphoto.jpg,444_rightphoto.jpg,1
445_leftphoto.jpg,445_leftphoto.jpg,1
445_rightphoto.jpg,445_rightphoto.jpg,1
446_leftphoto.jpg,446_leftphoto.jpg,1
446_rightphoto.jpg,446_rightphoto.jpg,1
447_leftphoto.jpg,447_leftphoto.jpg,1
447_rightphoto.jpg,447_rightphoto.jpg,1
448_leftphoto.jpg,448_leftphoto.jpg,1
448_rightphoto.jpg,448_rightphoto.jpg,1
449_leftphoto.jpg,449_leftphoto.jpg,1
449_rightphoto.jpg,449_rightphoto.jpg,1
44_leftphoto.jpg,44_leftphoto.jpg,1
44_rightphoto.jpg,44_rightphoto.jpg,1
450_leftphoto.jpg,450_leftphoto.jpg,1
450_rightphoto.jpg,450_rightphoto.jpg,1
451_leftphoto.jpg,451_leftphoto.jpg,1
451_rightphoto.jpg,451_rightphoto.jpg,1
452_leftphoto.jpg,452_leftphoto.jpg,1
452_rightphoto.jpg,452_rightphoto.jpg,1
453_leftphoto.jpg,453_leftphoto.jpg,1
453_rightphoto.jpg,453_rightphoto.jpg,1
454_leftphoto.jpg,454_leftphoto.jpg,1
454_rightphoto.jpg,454_rightphoto.jpg,1
455_leftphoto.jpg,455_leftphoto.jpg,1
455_rightphoto.jpg,455_rightphoto.jpg,1
456_leftphoto.jpg,456_leftphoto.jpg,1
456_rightphoto.jpg,456_rightphoto.jpg,1
457_leftphoto.jpg,457_leftphoto.jpg,1
457_rightphoto.jpg,457_rightphoto.jpg,1
458_leftphoto.jpg,458_leftphoto.jpg,1
458_rightphoto.jpg,458_rightphoto.jpg,1
459_leftphoto.jpg,459_leftphoto.jpg,1
459_rightphoto.jpg,459_rightphoto.jpg,1
45_leftphoto.jpg,45_leftphoto.jpg,1
45_rightphoto.jpg,45_rightphoto.jpg,1
460_leftphoto.jpg,460_leftphoto.jpg,1
460_rightphoto.jpg,460_rightphoto.jpg,1
461_leftphoto.jpg,461_leftphoto.jpg,1
461_rightphoto.jpg,461_rightphoto.jpg,1
462_leftphoto.jpg,462_leftphoto.jpg,1
462_rightphoto.jpg,462_rightphoto.jpg,1
463_leftphoto.jpg,463_leftphoto.jpg,1
463_rightphoto.jpg,463_rightphoto.jpg,1
464_leftphoto.jpg,464_leftphoto.jpg,1
464_rightphoto.jpg,464_rightphoto.jpg,1
465_leftphoto.jpg,465_leftphoto.jpg,1
465_rightphoto.jpg,465_rightphoto.jpg,1
466_leftphoto.jpg,466_leftphoto.jpg,1
466_rightphoto.jpg,466_rightphoto.jpg,1
467_leftphoto.jpg,467_leftphoto.jpg,1
468_leftphoto.jpg,468_leftphoto.jpg,1
468_rightphoto.jpg,468_rightphoto.jpg,1
469_leftphoto.jpg,469_leftphoto.jpg,1
469_rightphoto.jpg,469_rightphoto.jpg,1
46_leftphoto.jpg,46_leftphoto.jpg,1
46_rightphoto.jpg,46_rightphoto.jpg,1
470_leftphoto.jpg,470_leftphoto.jpg,1
470_rightphoto.jpg,470_rightphoto.jpg,1
471_leftphoto.jpg,471_leftphoto.jpg,1
471_rightphoto.jpg,471_rightphoto.jpg,1
472_leftphoto.jpg,472_leftphoto.jpg,1
472_rightphoto.jpg,472_rightphoto.jpg,1
473_leftphoto.jpg,473_leftphoto.jpg,1
473_rightphoto.jpg,473_rightphoto.jpg,1
474_rightphoto.jpg,474_rightphoto.jpg,1
475_leftphoto.jpg,475_leftphoto.jpg,1
475_rightphoto.jpg,475_rightphoto.jpg,1
476_leftphoto.jpg,476_leftphoto.jpg,1
476_rightphoto.jpg,476_rightphoto.jpg,1
477_leftphoto.jpg,477_leftphoto.jpg,1
477_rightphoto.jpg,477_rightphoto.jpg,1
478_leftphoto.jpg,478_leftphoto.jpg,1
478_rightphoto.jpg,478_rightphoto.jpg,1
479_leftphoto.jpg,479_leftphoto.jpg,1
479_rightphoto.jpg,479_rightphoto.jpg,1
47_leftphoto.jpg,47_leftphoto.jpg,1
47_rightphoto.jpg,47_rightphoto.jpg,1
480_rightphoto.jpg,480_rightphoto.jpg,1
481_leftphoto.jpg,481_leftphoto.jpg,1
481_rightphoto.jpg,481_rightphoto.jpg,1
482_leftphoto.jpg,482_leftphoto.jpg,1
482_rightphoto.jpg,482_rightphoto.jpg,1
484_leftphoto.jpg,484_leftphoto.jpg,1
484_rightphoto.jpg,484_rightphoto.jpg,1
486_leftphoto.jpg,486_leftphoto.jpg,1
486_rightphoto.jpg,486_rightphoto.jpg,1
487_leftphoto.jpg,487_leftphoto.jpg,1
489_leftphoto.jpg,489_leftphoto.jpg,1
489_rightphoto.jpg,489_rightphoto.jpg,1
48_leftphoto.jpg,48_leftphoto.jpg,1
48_rightphoto.jpg,48_rightphoto.jpg,1
490_rightphoto.jpg,490_rightphoto.jpg,1
492_rightphoto.jpg,492_rightphoto.jpg,1
493_leftphoto.jpg,493_leftphoto.jpg,1
494_leftphoto.jpg,494_leftphoto.jpg,1
494_rightphoto.jpg,494_rightphoto.jpg,1
495_rightphoto.jpg,495_rightphoto.jpg,1
497_leftphoto.jpg,497_leftphoto.jpg,1
497_rightphoto.jpg,497_rightphoto.jpg,1
499_leftphoto.jpg,499_leftphoto.jpg,1
49_leftphoto.jpg,49_leftphoto.jpg,1
49_rightphoto.jpg,49_rightphoto.jpg,1
4_leftphoto.jpg,4_leftphoto.jpg,1
4_rightphoto.jpg,4_rightphoto.jpg,1
500_rightphoto.jpg,500_rightphoto.jpg,1
501_leftphoto.jpg,501_leftphoto.jpg,1
501_rightphoto.jpg,501_rightphoto.jpg,1
502_leftphoto.jpg,502_leftphoto.jpg,1
505_leftphoto.jpg,505_leftphoto.jpg,1
506_leftphoto.jpg,506_leftphoto.jpg,1
506_rightphoto.jpg,506_rightphoto.jpg,1
508_leftphoto.jpg,508_leftphoto.jpg,1
50_leftphoto.jpg,50_leftphoto.jpg,1
50_rightphoto.jpg,50_rightphoto.jpg,1
511_rightphoto.jpg,511_rightphoto.jpg,1
513_leftphoto.jpg,513_leftphoto.jpg,1
513_rightphoto.jpg,513_rightphoto.jpg,1
518_leftphoto.jpg,518_leftphoto.jpg,1
519_rightphoto.jpg,519_rightphoto.jpg,1
51_leftphoto.jpg,51_leftphoto.jpg,1
51_rightphoto.jpg,51_rightphoto.jpg,1
520_rightphoto.jpg,520_rightphoto.jpg,1
521_rightphoto.jpg,521_rightphoto.jpg,1
523_rightphoto.jpg,523_rightphoto.jpg,1
524_rightphoto.jpg,524_rightphoto.jpg,1
525_leftphoto.jpg,525_leftphoto.jpg,1
525_rightphoto.jpg,525_rightphoto.jpg,1
527_leftphoto.jpg,527_leftphoto.jpg,1
528_rightphoto.jpg,528_rightphoto.jpg,1
529_rightphoto.jpg,529_rightphoto.jpg,1
52_leftphoto.jpg,52_leftphoto.jpg,1
52_rightphoto.jpg,52_rightphoto.jpg,1
533_leftphoto.jpg,533_leftphoto.jpg,1
533_rightphoto.jpg,533_rightphoto.jpg,1
534_leftphoto.jpg,534_leftphoto.jpg,1
534_rightphoto.jpg,534_rightphoto.jpg,1
535_leftphoto.jpg,535_leftphoto.jpg,1
535_rightphoto.jpg,535_rightphoto.jpg,1
536_rightphoto.jpg,536_rightphoto.jpg,1
538_leftphoto.jpg,538_leftphoto.jpg,1
538_rightphoto.jpg,538_rightphoto.jpg,1
539_leftphoto.jpg,539_leftphoto.jpg,1
53_leftphoto.jpg,53_leftphoto.jpg,1
53_rightphoto.jpg,53_rightphoto.jpg,1
540_rightphoto.jpg,540_rightphoto.jpg,1
542_rightphoto.jpg,542_rightphoto.jpg,1
544_leftphoto.jpg,544_leftphoto.jpg,1
544_rightphoto.jpg,544_rightphoto.jpg,1
545_leftphoto.jpg,545_leftphoto.jpg,1
545_rightphoto.jpg,545_rightphoto.jpg,1
546_leftphoto.jpg,546_leftphoto.jpg,1
546_rightphoto.jpg,546_rightphoto.jpg,1
547_rightphoto.jpg,547_rightphoto.jpg,1
549_leftphoto.jpg,549_leftphoto.jpg,1
549_rightphoto.jpg,549_rightphoto.jpg,1
54_leftphoto.jpg,54_leftphoto.jpg,1
54_rightphoto.jpg,54_rightphoto.jpg,1
550_rightphoto.jpg,550_rightphoto.jpg,1
552_rightphoto.jpg,552_rightphoto.jpg,1
553_leftphoto.jpg,553_leftphoto.jpg,1
556_rightphoto.jpg,556_rightphoto.jpg,1
557_leftphoto.jpg,557_leftphoto.jpg,1
557_rightphoto.jpg,557_rightphoto.jpg,1
558_rightphoto.jpg,558_rightphoto.jpg,1
55_leftphoto.jpg,55_leftphoto.jpg,1
55_rightphoto.jpg,55_rightphoto.jpg,1
560_rightphoto.jpg,560_rightphoto.jpg,1
562_leftphoto.jpg,562_leftphoto.jpg,1
563_leftphoto.jpg,563_leftphoto.jpg,1
564_leftphoto.jpg,564_leftphoto.jpg,1
564_rightphoto.jpg,564_rightphoto.jpg,1
567_leftphoto.jpg,567_leftphoto.jpg,1
568_leftphoto.jpg,568_leftphoto.jpg,1
568_rightphoto.jpg,568_rightphoto.jpg,1
569_leftphoto.jpg,569_leftphoto.jpg,1
56_leftphoto.jpg,56_leftphoto.jpg,1
56_rightphoto.jpg,56_rightphoto.jpg,1
571_leftphoto.jpg,571_leftphoto.jpg,1
572_leftphoto.jpg,572_leftphoto.jpg,1
572_rightphoto.jpg,572_rightphoto.jpg,1
573_leftphoto.jpg,573_leftphoto.jpg,1
573_rightphoto.jpg,573_rightphoto.jpg,1
574_leftphoto.jpg,574_leftphoto.jpg,1
575_leftphoto.jpg,575_leftphoto.jpg,1
576_leftphoto.jpg,576_leftphoto.jpg,1
576_rightphoto.jpg,576_rightphoto.jpg,1
577_rightphoto.jpg,577_rightphoto.jpg,1
578_rightphoto.jpg,578_rightphoto.jpg,1
57_leftphoto.jpg,57_leftphoto.jpg,1
57_rightphoto.jpg,57_rightphoto.jpg,1
580_rightphoto.jpg,580_rightphoto.jpg,1
581_leftphoto.jpg,581_leftphoto.jpg,1
581_rightphoto.jpg,581_rightphoto.jpg,1
583_rightphoto.jpg,583_rightphoto.jpg,1
584_leftphoto.jpg,584_leftphoto.jpg,1
585_leftphoto.jpg,585_leftphoto.jpg,1
585_rightphoto.jpg,585_rightphoto.jpg,1
586_leftphoto.jpg,586_leftphoto.jpg,1
586_rightphoto.jpg,586_rightphoto.jpg,1
588_rightphoto.jpg,588_rightphoto.jpg,1
589_leftphoto.jpg,589_leftphoto.jpg,1
58_leftphoto.jpg,58_leftphoto.jpg,1
58_rightphoto.jpg,58_rightphoto.jpg,1
591_rightphoto.jpg,591_rightphoto.jpg,1
592_leftphoto.jpg,592_leftphoto.jpg,1
592_rightphoto.jpg,592_rightphoto.jpg,1
593_leftphoto.jpg,593_leftphoto.jpg,1
595_rightphoto.jpg,595_rightphoto.jpg,1
598_leftphoto.jpg,598_leftphoto.jpg,1
599_rightphoto.jpg,599_rightphoto.jpg,1
59_leftphoto.jpg,59_leftphoto.jpg,1
59_rightphoto.jpg,59_rightphoto.jpg,1
600_rightphoto.jpg,600_rightphoto.jpg,1
601_leftphoto.jpg,601_leftphoto.jpg,1
601_rightphoto.jpg,601_rightphoto.jpg,1
604_rightphoto.jpg,604_rightphoto.jpg,1
606_leftphoto.jpg,606_leftphoto.jpg,1
607_leftphoto.jpg,607_leftphoto.jpg,1
607_rightphoto.jpg,607_rightphoto.jpg,1
608_rightphoto.jpg,608_rightphoto.jpg,1
609_leftphoto.jpg,609_leftphoto.jpg,1
609_rightphoto.jpg,609_rightphoto.jpg,1
60_leftphoto.jpg,60_leftphoto.jpg,1
60_rightphoto.jpg,60_rightphoto.jpg,1
610_rightphoto.jpg,610_rightphoto.jpg,1
611_leftphoto.jpg,611_leftphoto.jpg,1
612_leftphoto.jpg,612_leftphoto.jpg,1
613_rightphoto.jpg,613_rightphoto.jpg,1
615_leftphoto.jpg,615_leftphoto.jpg,1
615_rightphoto.jpg,615_rightphoto.jpg,1
617_leftphoto.jpg,617_leftphoto.jpg,1
618_leftphoto.jpg,618_leftphoto.jpg,1
618_rightphoto.jpg,618_rightphoto.jpg,1
619_rightphoto.jpg,619_rightphoto.jpg,1
61_leftphoto.jpg,61_leftphoto.jpg,1
61_rightphoto.jpg,61_rightphoto.jpg,1
620_rightphoto.jpg,620_rightphoto.jpg,1
621_rightphoto.jpg,621_rightphoto.jpg,1
622_leftphoto.jpg,622_leftphoto.jpg,1
622_rightphoto.jpg,622_rightphoto.jpg,1
623_rightphoto.jpg,623_rightphoto.jpg,1
624_leftphoto.jpg,624_leftphoto.jpg,1
625_leftphoto.jpg,625_leftphoto.jpg,1
625_rightphoto.jpg,625_rightphoto.jpg,1
626_leftphoto.jpg,626_leftphoto.jpg,1
626_rightphoto.jpg,626_rightphoto.jpg,1
627_rightphoto.jpg,627_rightphoto.jpg,1
628_leftphoto.jpg,628_leftphoto.jpg,1
62_leftphoto.jpg,62_leftphoto.jpg,1
62_rightphoto.jpg,62_rightphoto.jpg,1
633_leftphoto.jpg,633_leftphoto.jpg,1
633_rightphoto.jpg,633_rightphoto.jpg,1
634_leftphoto.jpg,634_leftphoto.jpg,1
634_rightphoto.jpg,634_rightphoto.jpg,1
636_leftphoto.jpg,636_leftphoto.jpg,1
636_rightphoto.jpg,636_rightphoto.jpg,1
63_leftphoto.jpg,63_leftphoto.jpg,1
63_rightphoto.jpg,63_rightphoto.jpg,1
640_leftphoto.jpg,640_leftphoto.jpg,1
640_rightphoto.jpg,640_rightphoto.jpg,1
642_rightphoto.jpg,642_rightphoto.jpg,1
643_leftphoto.jpg,643_leftphoto.jpg,1
645_leftphoto.jpg,645_leftphoto.jpg,1
646_leftphoto.jpg,646_leftphoto.jpg,1
646_rightphoto.jpg,646_rightphoto.jpg,1
648_leftphoto.jpg,648_leftphoto.jpg,1
649_rightphoto.jpg,649_rightphoto.jpg,1
64_leftphoto.jpg,64_leftphoto.jpg,1
64_rightphoto.jpg,64_rightphoto.jpg,1
650_rightphoto.jpg,650_rightphoto.jpg,1
651_leftphoto.jpg,651_leftphoto.jpg,1
652_leftphoto.jpg,652_leftphoto.jpg,1
652_rightphoto.jpg,652_rightphoto.jpg,1
653_leftphoto.jpg,653_leftphoto.jpg,1
653_rightphoto.jpg,653_rightphoto.jpg,1
654_rightphoto.jpg,654_rightphoto.jpg,1
656_leftphoto.jpg,656_leftphoto.jpg,1
656_rightphoto.jpg,656_rightphoto.jpg,1
657_leftphoto.jpg,657_leftphoto.jpg,1
658_leftphoto.jpg,658_leftphoto.jpg,1
65_leftphoto.jpg,65_leftphoto.jpg,1
65_rightphoto.jpg,65_rightphoto.jpg,1
660_leftphoto.jpg,660_leftphoto.jpg,1
660_rightphoto.jpg,660_rightphoto.jpg,1
661_leftphoto.jpg,661_leftphoto.jpg,1
661_rightphoto.jpg,661_rightphoto.jpg,1
662_leftphoto.jpg,662_leftphoto.jpg,1
662_rightphoto.jpg,662_rightphoto.jpg,1
663_leftphoto.jpg,663_leftphoto.jpg,1
665_leftphoto.jpg,665_leftphoto.jpg,1
666_leftphoto.jpg,666_leftphoto.jpg,1
666_rightphoto.jpg,666_rightphoto.jpg,1
669_leftphoto.jpg,669_leftphoto.jpg,1
66_leftphoto.jpg,66_leftphoto.jpg,1
66_rightphoto.jpg,66_rightphoto.jpg,1
670_leftphoto.jpg,670_leftphoto.jpg,1
670_rightphoto.jpg,670_rightphoto.jpg,1
671_leftphoto.jpg,671_leftphoto.jpg,1
671_rightphoto.jpg,671_rightphoto.jpg,1
672_leftphoto.jpg,672_leftphoto.jpg,1
672_rightphoto.jpg,672_rightphoto.jpg,1
673_leftphoto.jpg,673_leftphoto.jpg,1
673_rightphoto.jpg,673_rightphoto.jpg,1
674_leftphoto.jpg,674_leftphoto.jpg,1
674_rightphoto.jpg,674_rightphoto.jpg,1
675_leftphoto.jpg,675_leftphoto.jpg,1
675_rightphoto.jpg,675_rightphoto.jpg,1
678_leftphoto.jpg,678_leftphoto.jpg,1
678_rightphoto.jpg,678_rightphoto.jpg,1
679_leftphoto.jpg,679_leftphoto.jpg,1
67_leftphoto.jpg,67_leftphoto.jpg,1
67_rightphoto.jpg,67_rightphoto.jpg,1
680_leftphoto.jpg,680_leftphoto.jpg,1
682_rightphoto.jpg,682_rightphoto.jpg,1
683_leftphoto.jpg,683_leftphoto.jpg,1
683_rightphoto.jpg,683_rightphoto.jpg,1
684_leftphoto.jpg,684_leftphoto.jpg,1
686_leftphoto.jpg,686_leftphoto.jpg,1
686_rightphoto.jpg,686_rightphoto.jpg,1
689_rightphoto.jpg,689_rightphoto.jpg,1
68_leftphoto.jpg,68_leftphoto.jpg,1
68_rightphoto.jpg,68_rightphoto.jpg,1
690_rightphoto.jpg,690_rightphoto.jpg,1
691_leftphoto.jpg,691_leftphoto.jpg,1
693_leftphoto.jpg,693_leftphoto.jpg,1
693_rightphoto.jpg,693_rightphoto.jpg,1
696_leftphoto.jpg,696_leftphoto.jpg,1
699_rightphoto.jpg,699_rightphoto.jpg,1
69_leftphoto.jpg,69_leftphoto.jpg,1
69_rightphoto.jpg,69_rightphoto.jpg,1
6_leftphoto.jpg,6_leftphoto.jpg,1
6_rightphoto.jpg,6_rightphoto.jpg,1
702_leftphoto.jpg,702_leftphoto.jpg,1
703_leftphoto.jpg,703_leftphoto.jpg,1
704_leftphoto.jpg,704_leftphoto.jpg,1
704_rightphoto.jpg,704_rightphoto.jpg,1
705_leftphoto.jpg,705_leftphoto.jpg,1
706_leftphoto.jpg,706_leftphoto.jpg,1
707_rightphoto.jpg,707_rightphoto.jpg,1
709_leftphoto.jpg,709_leftphoto.jpg,1
709_rightphoto.jpg,709_rightphoto.jpg,1
70_leftphoto.jpg,70_leftphoto.jpg,1
70_rightphoto.jpg,70_rightphoto.jpg,1
710_leftphoto.jpg,710_leftphoto.jpg,1
711_leftphoto.jpg,711_leftphoto.jpg,1
712_leftphoto.jpg,712_leftphoto.jpg,1
715_leftphoto.jpg,715_leftphoto.jpg,1
715_rightphoto.jpg,715_rightphoto.jpg,1
716_leftphoto.jpg,716_leftphoto.jpg,1
718_rightphoto.jpg,718_rightphoto.jpg,1
71_leftphoto.jpg,71_leftphoto.jpg,1
71_rightphoto.jpg,71_rightphoto.jpg,1
722_leftphoto.jpg,722_leftphoto.jpg,1
725_leftphoto.jpg,725_leftphoto.jpg,1
726_leftphoto.jpg,726_leftphoto.jpg,1
726_rightphoto.jpg,726_rightphoto.jpg,1
728_leftphoto.jpg,728_leftphoto.jpg,1
72_leftphoto.jpg,72_leftphoto.jpg,1
72_rightphoto.jpg,72_rightphoto.jpg,1
732_leftphoto.jpg,732_leftphoto.jpg,1
734_rightphoto.jpg,734_rightphoto.jpg,1
735_leftphoto.jpg,735_leftphoto.jpg,1
735_rightphoto.jpg,735_rightphoto.jpg,1
736_leftphoto.jpg,736_leftphoto.jpg,1
736_rightphoto.jpg,736_rightphoto.jpg,1
73_leftphoto.jpg,73_leftphoto.jpg,1
73_rightphoto.jpg,73_rightphoto.jpg,1
740_rightphoto.jpg,740_rightphoto.jpg,1
742_rightphoto.jpg,742_rightphoto.jpg,1
744_leftphoto.jpg,744_leftphoto.jpg,1
744_rightphoto.jpg,744_rightphoto.jpg,1
745_leftphoto.jpg,745_leftphoto.jpg,1
747_rightphoto.jpg,747_rightphoto.jpg,1
748_leftphoto.jpg,748_leftphoto.jpg,1
749_leftphoto.jpg,749_leftphoto.jpg,1
74_leftphoto.jpg,74_leftphoto.jpg,1
74_rightphoto.jpg,74_rightphoto.jpg,1
752_leftphoto.jpg,752_leftphoto.jpg,1
753_leftphoto.jpg,753_leftphoto.jpg,1
753_rightphoto.jpg,753_rightphoto.jpg,1
755_rightphoto.jpg,755_rightphoto.jpg,1
756_leftphoto.jpg,756_leftphoto.jpg,1
756_rightphoto.jpg,756_rightphoto.jpg,1
757_leftphoto.jpg,757_leftphoto.jpg,1
759_leftphoto.jpg,759_leftphoto.jpg,1
75_leftphoto.jpg,75_leftphoto.jpg,1
75_rightphoto.jpg,75_rightphoto.jpg,1
761_leftphoto.jpg,761_leftphoto.jpg,1
763_leftphoto.jpg,763_leftphoto.jpg,1
763_rightphoto.jpg,763_rightphoto.jpg,1
764_leftphoto.jpg,764_leftphoto.jpg,1
765_leftphoto.jpg,765_leftphoto.jpg,1
765_rightphoto.jpg,765_rightphoto.jpg,1
766_leftphoto.jpg,766_leftphoto.jpg,1
767_leftphoto.jpg,767_leftphoto.jpg,1
768_leftphoto.jpg,768_leftphoto.jpg,1
768_rightphoto.jpg,768_rightphoto.jpg,1
769_rightphoto.jpg,769_rightphoto.jpg,1
772_leftphoto.jpg,772_leftphoto.jpg,1
776_leftphoto.jpg,776_leftphoto.jpg,1
776_rightphoto.jpg,776_rightphoto.jpg,1
779_leftphoto.jpg,779_leftphoto.jpg,1
77_leftphoto.jpg,77_leftphoto.jpg,1
77_rightphoto.jpg,77_rightphoto.jpg,1
780_rightphoto.jpg,780_rightphoto.jpg,1
781_rightphoto.jpg,781_rightphoto.jpg,1
782_rightphoto.jpg,782_rightphoto.jpg,1
783_leftphoto.jpg,783_leftphoto.jpg,1
784_leftphoto.jpg,784_leftphoto.jpg,1
787_leftphoto.jpg,787_leftphoto.jpg,1
787_rightphoto.jpg,787_rightphoto.jpg,1
788_leftphoto.jpg,788_leftphoto.jpg,1
789_leftphoto.jpg,789_leftphoto.jpg,1
789_rightphoto.jpg,789_rightphoto.jpg,1
78_leftphoto.jpg,78_leftphoto.jpg,1
78_rightphoto.jpg,78_rightphoto.jpg,1
791_leftphoto.jpg,791_leftphoto.jpg,1
792_leftphoto.jpg,792_leftphoto.jpg,1
792_rightphoto.jpg,792_rightphoto.jpg,1
793_leftphoto.jpg,793_leftphoto.jpg,1
794_leftphoto.jpg,794_leftphoto.jpg,1
795_leftphoto.jpg,795_leftphoto.jpg,1
798_leftphoto.jpg,798_leftphoto.jpg,1
799_rightphoto.jpg,799_rightphoto.jpg,1
79_leftphoto.jpg,79_leftphoto.jpg,1
79_rightphoto.jpg,79_rightphoto.jpg,1
800_leftphoto.jpg,800_leftphoto.jpg,1
801_leftphoto.jpg,801_leftphoto.jpg,1
801_rightphoto.jpg,801_rightphoto.jpg,1
802_rightphoto.jpg,802_rightphoto.jpg,1
804_rightphoto.jpg,804_rightphoto.jpg,1
805_leftphoto.jpg,805_leftphoto.jpg,1
806_leftphoto.jpg,806_leftphoto.jpg,1
807_leftphoto.jpg,807_leftphoto.jpg,1
807_rightphoto.jpg,807_rightphoto.jpg,1
808_rightphoto.jpg,808_rightphoto.jpg,1
809_leftphoto.jpg,809_leftphoto.jpg,1
810_leftphoto.jpg,810_leftphoto.jpg,1
811_leftphoto.jpg,811_leftphoto.jpg,1
811_rightphoto.jpg,811_rightphoto.jpg,1
812_leftphoto.jpg,812_leftphoto.jpg,1
812_rightphoto.jpg,812_rightphoto.jpg,1
813_leftphoto.jpg,813_leftphoto.jpg,1
814_rightphoto.jpg,814_rightphoto.jpg,1
817_rightphoto.jpg,817_rightphoto.jpg,1
818_rightphoto.jpg,818_rightphoto.jpg,1
81_leftphoto.jpg,81_leftphoto.jpg,1
81_rightphoto.jpg,81_rightphoto.jpg,1
822_rightphoto.jpg,822_rightphoto.jpg,1
823_leftphoto.jpg,823_leftphoto.jpg,1
825_leftphoto.jpg,825_leftphoto.jpg,1
825_rightphoto.jpg,825_rightphoto.jpg,1
826_rightphoto.jpg,826_rightphoto.jpg,1
827_leftphoto.jpg,827_leftphoto.jpg,1
827_rightphoto.jpg,827_rightphoto.jpg,1
82_leftphoto.jpg,82_leftphoto.jpg,1
82_rightphoto.jpg,82_rightphoto.jpg,1
830_leftphoto.jpg,830_leftphoto.jpg,1
830_rightphoto.jpg,830_rightphoto.jpg,1
831_leftphoto.jpg,831_leftphoto.jpg,1
831_rightphoto.jpg,831_rightphoto.jpg,1
832_leftphoto.jpg,832_leftphoto.jpg,1
833_leftphoto.jpg,833_leftphoto.jpg,1
833_rightphoto.jpg,833_rightphoto.jpg,1
834_leftphoto.jpg,834_leftphoto.jpg,1
834_rightphoto.jpg,834_rightphoto.jpg,1
835_leftphoto.jpg,835_leftphoto.jpg,1
835_rightphoto.jpg,835_rightphoto.jpg,1
838_rightphoto.jpg,838_rightphoto.jpg,1
839_rightphoto.jpg,839_rightphoto.jpg,1
841_leftphoto.jpg,841_leftphoto.jpg,1
842_leftphoto.jpg,842_leftphoto.jpg,1
844_leftphoto.jpg,844_leftphoto.jpg,1
845_leftphoto.jpg,845_leftphoto.jpg,1
846_leftphoto.jpg,846_leftphoto.jpg,1
846_rightphoto.jpg,846_rightphoto.jpg,1
848_leftphoto.jpg,848_leftphoto.jpg,1
84_leftphoto.jpg,84_leftphoto.jpg,1
84_rightphoto.jpg,84_rightphoto.jpg,1
850_rightphoto.jpg,850_rightphoto.jpg,1
853_leftphoto.jpg,853_leftphoto.jpg,1
854_leftphoto.jpg,854_leftphoto.jpg,1
856_leftphoto.jpg,856_leftphoto.jpg,1
857_rightphoto.jpg,857_rightphoto.jpg,1
85_leftphoto.jpg,85_leftphoto.jpg,1
85_rightphoto.jpg,85_rightphoto.jpg,1
860_rightphoto.jpg,860_rightphoto.jpg,1
862_leftphoto.jpg,862_leftphoto.jpg,1
862_rightphoto.jpg,862_rightphoto.jpg,1
864_rightphoto.jpg,864_rightphoto.jpg,1
866_leftphoto.jpg,866_leftphoto.jpg,1
867_rightphoto.jpg,867_rightphoto.jpg,1
868_leftphoto.jpg,868_leftphoto.jpg,1
869_leftphoto.jpg,869_leftphoto.jpg,1
869_rightphoto.jpg,869_rightphoto.jpg,1
86_leftphoto.jpg,86_leftphoto.jpg,1
86_rightphoto.jpg,86_rightphoto.jpg,1
870_leftphoto.jpg,870_leftphoto.jpg,1
870_rightphoto.jpg,870_rightphoto.jpg,1
871_leftphoto.jpg,871_leftphoto.jpg,1
872_leftphoto.jpg,872_leftphoto.jpg,1
872_rightphoto.jpg,872_rightphoto.jpg,1
874_leftphoto.jpg,874_leftphoto.jpg,1
875_leftphoto.jpg,875_leftphoto.jpg,1
875_rightphoto.jpg,875_rightphoto.jpg,1
876_leftphoto.jpg,876_leftphoto.jpg,1
879_leftphoto.jpg,879_leftphoto.jpg,1
879_rightphoto.jpg,879_rightphoto.jpg,1
87_leftphoto.jpg,87_leftphoto.jpg,1
87_rightphoto.jpg,87_rightphoto.jpg,1
880_rightphoto.jpg,880_rightphoto.jpg,1
881_leftphoto.jpg,881_leftphoto.jpg,1
885_rightphoto.jpg,885_rightphoto.jpg,1
886_leftphoto.jpg,886_leftphoto.jpg,1
889_leftphoto.jpg,889_leftphoto.jpg,1
889_rightphoto.jpg,889_rightphoto.jpg,1
88_leftphoto.jpg,88_leftphoto.jpg,1
88_rightphoto.jpg,88_rightphoto.jpg,1
891_leftphoto.jpg,891_leftphoto.jpg,1
892_leftphoto.jpg,892_leftphoto.jpg,1
892_rightphoto.jpg,892_rightphoto.jpg,1
893_rightphoto.jpg,893_rightphoto.jpg,1
895_leftphoto.jpg,895_leftphoto.jpg,1
89_leftphoto.jpg,89_leftphoto.jpg,1
89_rightphoto.jpg,89_rightphoto.jpg,1
8_leftphoto.jpg,8_leftphoto.jpg,1
8_rightphoto.jpg,8_rightphoto.jpg,1
900_rightphoto.jpg,900_rightphoto.jpg,1
901_leftphoto.jpg,901_leftphoto.jpg,1
903_leftphoto.jpg,903_leftphoto.jpg,1
904_leftphoto.jpg,904_leftphoto.jpg,1
905_rightphoto.jpg,905_rightphoto.jpg,1
907_leftphoto.jpg,907_leftphoto.jpg,1
907_rightphoto.jpg,907_rightphoto.jpg,1
909_rightphoto.jpg,909_rightphoto.jpg,1
90_leftphoto.jpg,90_leftphoto.jpg,1
90_rightphoto.jpg,90_rightphoto.jpg,1
910_leftphoto.jpg,910_leftphoto.jpg,1
910_rightphoto.jpg,910_rightphoto.jpg,1
911_leftphoto.jpg,911_leftphoto.jpg,1
911_rightphoto.jpg,911_rightphoto.jpg,1
912_leftphoto.jpg,912_leftphoto.jpg,1
913_rightphoto.jpg,913_rightphoto.jpg,1
915_rightphoto.jpg,915_rightphoto.jpg,1
916_leftphoto.jpg,916_leftphoto.jpg,1
917_rightphoto.jpg,917_rightphoto.jpg,1
918_leftphoto.jpg,918_leftphoto.jpg,1
919_rightphoto.jpg,919_rightphoto.jpg,1
91_leftphoto.jpg,91_leftphoto.jpg,1
91_rightphoto.jpg,91_rightphoto.jpg,1
920_leftphoto.jpg,920_leftphoto.jpg,1
921_leftphoto.jpg,921_leftphoto.jpg,1
922_rightphoto.jpg,922_rightphoto.jpg,1
926_leftphoto.jpg,926_leftphoto.jpg,1
926_rightphoto.jpg,926_rightphoto.jpg,1
927_leftphoto.jpg,927_leftphoto.jpg,1
928_rightphoto.jpg,928_rightphoto.jpg,1
929_leftphoto.jpg,929_leftphoto.jpg,1
92_leftphoto.jpg,92_leftphoto.jpg,1
92_rightphoto.jpg,92_rightphoto.jpg,1
930_leftphoto.jpg,930_leftphoto.jpg,1
930_rightphoto.jpg,930_rightphoto.jpg,1
932_rightphoto.jpg,932_rightphoto.jpg,1
933_rightphoto.jpg,933_rightphoto.jpg,1
934_leftphoto.jpg,934_leftphoto.jpg,1
934_rightphoto.jpg,934_rightphoto.jpg,1
939_leftphoto.jpg,939_leftphoto.jpg,1
939_rightphoto.jpg,939_rightphoto.jpg,1
940_rightphoto.jpg,940_rightphoto.jpg,1
941_rightphoto.jpg,941_rightphoto.jpg,1
942_rightphoto.jpg,942_rightphoto.jpg,1
943_rightphoto.jpg,943_rightphoto.jpg,1
944_leftphoto.jpg,944_leftphoto.jpg,1
945_leftphoto.jpg,945_leftphoto.jpg,1
946_leftphoto.jpg,946_leftphoto.jpg,1
94_leftphoto.jpg,94_leftphoto.jpg,1
94_rightphoto.jpg,94_rightphoto.jpg,1
950_rightphoto.jpg,950_rightphoto.jpg,1
951_leftphoto.jpg,951_leftphoto.jpg,1
951_rightphoto.jpg,951_rightphoto.jpg,1
952_leftphoto.jpg,952_leftphoto.jpg,1
952_rightphoto.jpg,952_rightphoto.jpg,1
953_leftphoto.jpg,953_leftphoto.jpg,1
955_leftphoto.jpg,955_leftphoto.jpg,1
957_leftphoto.jpg,957_leftphoto.jpg,1
958_leftphoto.jpg,958_leftphoto.jpg,1
958_rightphoto.jpg,958_rightphoto.jpg,1
959_rightphoto.jpg,959_rightphoto.jpg,1
95_leftphoto.jpg,95_leftphoto.jpg,1
95_rightphoto.jpg,95_rightphoto.jpg,1
960_leftphoto.jpg,960_leftphoto.jpg,1
962_leftphoto.jpg,962_leftphoto.jpg,1
963_leftphoto.jpg,963_leftphoto.jpg,1
964_leftphoto.jpg,964_leftphoto.jpg,1
965_leftphoto.jpg,965_leftphoto.jpg,1
965_rightphoto.jpg,965_rightphoto.jpg,1
966_leftphoto.jpg,966_leftphoto.jpg,1
966_rightphoto.jpg,966_rightphoto.jpg,1
967_leftphoto.jpg,967_leftphoto.jpg,1
969_leftphoto.jpg,969_leftphoto.jpg,1
969_rightphoto.jpg,969_rightphoto.jpg,1
96_leftphoto.jpg,96_leftphoto.jpg,1
96_rightphoto.jpg,96_rightphoto.jpg,1
970_leftphoto.jpg,970_leftphoto.jpg,1
971_leftphoto.jpg,971_leftphoto.jpg,1
971_rightphoto.jpg,971_rightphoto.jpg,1
972_leftphoto.jpg,972_leftphoto.jpg,1
973_leftphoto.jpg,973_leftphoto.jpg,1
973_rightphoto.jpg,973_rightphoto.jpg,1
975_rightphoto.jpg,975_rightphoto.jpg,1
976_leftphoto.jpg,976_leftphoto.jpg,1
976_rightphoto.jpg,976_rightphoto.jpg,1
977_leftphoto.jpg,977_leftphoto.jpg,1
977_rightphoto.jpg,977_rightphoto.jpg,1
979_leftphoto.jpg,979_leftphoto.jpg,1
979_rightphoto.jpg,979_rightphoto.jpg,1
97_leftphoto.jpg,97_leftphoto.jpg,1
97_rightphoto.jpg,97_rightphoto.jpg,1
981_leftphoto.jpg,981_leftphoto.jpg,1
982_rightphoto.jpg,982_rightphoto.jpg,1
984_rightphoto.jpg,984_rightphoto.jpg,1
986_leftphoto.jpg,986_leftphoto.jpg,1
98_leftphoto.jpg,98_leftphoto.jpg,1
98_rightphoto.jpg,98_rightphoto.jpg,1
990_leftphoto.jpg,990_leftphoto.jpg,1
991_rightphoto.jpg,991_rightphoto.jpg,1
992_leftphoto.jpg,992_leftphoto.jpg,1
992_rightphoto.jpg,992_rightphoto.jpg,1
993_rightphoto.jpg,993_rightphoto.jpg,1
994_leftphoto.jpg,994_leftphoto.jpg,1
995_rightphoto.jpg,995_rightphoto.jpg,1
996_leftphoto.jpg,996_leftphoto.jpg,1
996_rightphoto.jpg,996_rightphoto.jpg,1
998_leftphoto.jpg,998_leftphoto.jpg,1
999_leftphoto.jpg,999_leftphoto.jpg,1
99_leftphoto.jpg,99_leftphoto.jpg,1
99_rightphoto.jpg,99_rightphoto.jpg,1
9_leftphoto.jpg,9_leftphoto.jpg,1
9_rightphoto.jpg,9_rightphoto.jpg,1
