1000_leftphoto.jpg,1
1000_rightphoto.jpg,1
1001_leftphoto.jpg,1
1001_rightphoto.jpg,1
1002_rightphoto.jpg,1
1004_leftphoto.jpg,1
1006_rightphoto.jpg,1
1008_rightphoto.jpg,1
1009_leftphoto.jpg,1
1009_rightphoto.jpg,1
100_leftphoto.jpg,0
100_rightphoto.jpg,0
1011_leftphoto.jpg,0
1012_leftphoto.jpg,1
1013_leftphoto.jpg,0
1016_leftphoto.jpg,0
1017_rightphoto.jpg,0
1018_leftphoto.jpg,0
1018_rightphoto.jpg,0
101_leftphoto.jpg,0
101_rightphoto.jpg,0
1020_leftphoto.jpg,0
1020_rightphoto.jpg,0
1022_rightphoto.jpg,0
1023_leftphoto.jpg,0
1023_rightphoto.jpg,0
1024_leftphoto.jpg,0
1024_rightphoto.jpg,0
1025_rightphoto.jpg,0
1026_leftphoto.jpg,0
1027_leftphoto.jpg,0
1027_rightphoto.jpg,0
1028_rightphoto.jpg,0
1029_rightphoto.jpg,0
102_leftphoto.jpg,0
102_rightphoto.jpg,0
1030_leftphoto.jpg,0
1031_leftphoto.jpg,0
1031_rightphoto.jpg,0
1033_rightphoto.jpg,0
1034_leftphoto.jpg,0
1034_rightphoto.jpg,0
1035_rightphoto.jpg,0
1036_rightphoto.jpg,0
1038_leftphoto.jpg,0
1038_rightphoto.jpg,0
1039_leftphoto.jpg,0
103_leftphoto.jpg,0
103_rightphoto.jpg,0
1040_leftphoto.jpg,0
1040_rightphoto.jpg,0
1041_rightphoto.jpg,0
1042_leftphoto.jpg,0
1043_rightphoto.jpg,0
1046_rightphoto.jpg,0
1047_rightphoto.jpg,1
1049_leftphoto.jpg,1
104_leftphoto.jpg,0
104_rightphoto.jpg,0
1050_leftphoto.jpg,1
1051_leftphoto.jpg,1
1051_rightphoto.jpg,1
1052_leftphoto.jpg,1
1052_rightphoto.jpg,1
1053_leftphoto.jpg,1
1055_leftphoto.jpg,1
1055_rightphoto.jpg,1
1056_rightphoto.jpg,1
1057_leftphoto.jpg,1
1058_leftphoto.jpg,1
1059_rightphoto.jpg,1
105_leftphoto.jpg,0
105_rightphoto.jpg,0
1061_leftphoto.jpg,1
1062_leftphoto.jpg,1
1063_leftphoto.jpg,1
1063_rightphoto.jpg,1
1064_leftphoto.jpg,1
1064_rightphoto.jpg,1
1066_leftphoto.jpg,1
1068_leftphoto.jpg,1
106_leftphoto.jpg,0
106_rightphoto.jpg,0
107_leftphoto.jpg,0
107_rightphoto.jpg,0
108_leftphoto.jpg,0
108_rightphoto.jpg,0
109_leftphoto.jpg,0
109_rightphoto.jpg,0
10_leftphoto.jpg,1
10_rightphoto.jpg,1
110_leftphoto.jpg,0
110_rightphoto.jpg,0
111_leftphoto.jpg,1
111_rightphoto.jpg,1
112_leftphoto.jpg,0
112_rightphoto.jpg,0
113_leftphoto.jpg,1
113_rightphoto.jpg,1
115_leftphoto.jpg,1
115_rightphoto.jpg,1
116_leftphoto.jpg,1
116_rightphoto.jpg,1
117_leftphoto.jpg,1
117_rightphoto.jpg,1
119_leftphoto.jpg,1
119_rightphoto.jpg,1
11_leftphoto.jpg,0
11_rightphoto.jpg,0
120_leftphoto.jpg,1
120_rightphoto.jpg,1
121_leftphoto.jpg,1
121_rightphoto.jpg,1
122_leftphoto.jpg,1
122_rightphoto.jpg,1
123_leftphoto.jpg,1
123_rightphoto.jpg,1
124_leftphoto.jpg,1
124_rightphoto.jpg,1
125_leftphoto.jpg,1
125_rightphoto.jpg,1
126_leftphoto.jpg,1
126_rightphoto.jpg,1
127_leftphoto.jpg,1
127_rightphoto.jpg,1
128_leftphoto.jpg,1
128_rightphoto.jpg,1
129_leftphoto.jpg,1
129_rightphoto.jpg,1
12_leftphoto.jpg,0
12_rightphoto.jpg,0
130_leftphoto.jpg,0
130_rightphoto.jpg,0
131_leftphoto.jpg,0
131_rightphoto.jpg,0
132_leftphoto.jpg,0
132_rightphoto.jpg,0
133_leftphoto.jpg,0
133_rightphoto.jpg,0
134_leftphoto.jpg,0
134_rightphoto.jpg,0
135_leftphoto.jpg,0
135_rightphoto.jpg,0
136_leftphoto.jpg,0
136_rightphoto.jpg,0
137_leftphoto.jpg,0
137_rightphoto.jpg,0
138_leftphoto.jpg,0
138_rightphoto.jpg,0
139_leftphoto.jpg,0
139_rightphoto.jpg,0
13_leftphoto.jpg,0
13_rightphoto.jpg,0
140_leftphoto.jpg,0
140_rightphoto.jpg,0
141_leftphoto.jpg,0
141_rightphoto.jpg,0
142_leftphoto.jpg,0
142_rightphoto.jpg,0
143_leftphoto.jpg,0
143_rightphoto.jpg,0
144_leftphoto.jpg,0
144_rightphoto.jpg,0
145_leftphoto.jpg,0
145_rightphoto.jpg,0
146_leftphoto.jpg,0
146_rightphoto.jpg,0
147_leftphoto.jpg,0
147_rightphoto.jpg,0
148_leftphoto.jpg,0
148_rightphoto.jpg,0
149_leftphoto.jpg,0
149_rightphoto.jpg,0
14_leftphoto.jpg,1
14_rightphoto.jpg,1
150_leftphoto.jpg,0
150_rightphoto.jpg,0
151_leftphoto.jpg,0
151_rightphoto.jpg,0
152_leftphoto.jpg,0
152_rightphoto.jpg,0
153_leftphoto.jpg,0
153_rightphoto.jpg,0
154_leftphoto.jpg,0
154_rightphoto.jpg,0
155_leftphoto.jpg,0
155_rightphoto.jpg,0
156_leftphoto.jpg,0
156_rightphoto.jpg,0
157_leftphoto.jpg,0
157_rightphoto.jpg,0
158_leftphoto.jpg,0
158_rightphoto.jpg,0
159_leftphoto.jpg,0
159_rightphoto.jpg,0
15_leftphoto.jpg,0
15_rightphoto.jpg,0
160_leftphoto.jpg,0
160_rightphoto.jpg,0
161_leftphoto.jpg,1
161_rightphoto.jpg,1
162_leftphoto.jpg,0
162_rightphoto.jpg,0
163_leftphoto.jpg,0
163_rightphoto.jpg,0
164_leftphoto.jpg,1
164_rightphoto.jpg,1
165_leftphoto.jpg,1
165_rightphoto.jpg,1
166_leftphoto.jpg,1
166_rightphoto.jpg,1
167_leftphoto.jpg,1
167_rightphoto.jpg,1
168_leftphoto.jpg,1
168_rightphoto.jpg,1
169_leftphoto.jpg,1
169_rightphoto.jpg,1
16_leftphoto.jpg,0
16_rightphoto.jpg,0
170_leftphoto.jpg,1
170_rightphoto.jpg,1
172_leftphoto.jpg,1
172_rightphoto.jpg,1
173_leftphoto.jpg,1
173_rightphoto.jpg,1
174_leftphoto.jpg,1
174_rightphoto.jpg,1
175_leftphoto.jpg,1
175_rightphoto.jpg,1
176_leftphoto.jpg,1
176_rightphoto.jpg,1
177_leftphoto.jpg,1
177_rightphoto.jpg,1
178_leftphoto.jpg,1
178_rightphoto.jpg,1
179_leftphoto.jpg,1
179_rightphoto.jpg,1
17_leftphoto.jpg,0
17_rightphoto.jpg,0
180_leftphoto.jpg,1
180_rightphoto.jpg,1
181_leftphoto.jpg,1
181_rightphoto.jpg,1
182_leftphoto.jpg,1
182_rightphoto.jpg,1
183_leftphoto.jpg,1
183_rightphoto.jpg,1
184_leftphoto.jpg,1
184_rightphoto.jpg,1
185_leftphoto.jpg,1
185_rightphoto.jpg,1
186_leftphoto.jpg,0
186_rightphoto.jpg,0
187_leftphoto.jpg,0
187_rightphoto.jpg,0
188_leftphoto.jpg,0
188_rightphoto.jpg,0
189_leftphoto.jpg,0
189_rightphoto.jpg,0
18_leftphoto.jpg,0
18_rightphoto.jpg,0
190_leftphoto.jpg,0
190_rightphoto.jpg,0
191_leftphoto.jpg,0
191_rightphoto.jpg,0
192_leftphoto.jpg,0
192_rightphoto.jpg,0
193_leftphoto.jpg,0
193_rightphoto.jpg,0
194_leftphoto.jpg,0
194_rightphoto.jpg,0
195_leftphoto.jpg,0
195_rightphoto.jpg,0
196_leftphoto.jpg,0
196_rightphoto.jpg,0
198_leftphoto.jpg,0
198_rightphoto.jpg,0
199_leftphoto.jpg,0
199_rightphoto.jpg,0
19_leftphoto.jpg,1
19_rightphoto.jpg,1
200_leftphoto.jpg,0
200_rightphoto.jpg,0
201_leftphoto.jpg,0
201_rightphoto.jpg,0
202_leftphoto.jpg,0
202_rightphoto.jpg,0
203_leftphoto.jpg,0
203_rightphoto.jpg,0
204_leftphoto.jpg,0
204_rightphoto.jpg,0
205_leftphoto.jpg,0
205_rightphoto.jpg,0
206_leftphoto.jpg,0
206_rightphoto.jpg,0
207_leftphoto.jpg,0
207_rightphoto.jpg,0
208_leftphoto.jpg,0
208_rightphoto.jpg,0
209_leftphoto.jpg,0
209_rightphoto.jpg,0
20_leftphoto.jpg,0
20_rightphoto.jpg,0
210_leftphoto.jpg,0
210_rightphoto.jpg,0
211_leftphoto.jpg,0
211_rightphoto.jpg,0
212_leftphoto.jpg,0
212_rightphoto.jpg,0
213_leftphoto.jpg,0
213_rightphoto.jpg,0
214_leftphoto.jpg,1
214_rightphoto.jpg,1
215_leftphoto.jpg,0
215_rightphoto.jpg,0
216_leftphoto.jpg,0
216_rightphoto.jpg,0
217_leftphoto.jpg,0
217_rightphoto.jpg,0
218_leftphoto.jpg,0
218_rightphoto.jpg,0
219_leftphoto.jpg,0
219_rightphoto.jpg,0
21_leftphoto.jpg,0
21_rightphoto.jpg,0
220_leftphoto.jpg,0
220_rightphoto.jpg,0
221_leftphoto.jpg,0
221_rightphoto.jpg,0
222_leftphoto.jpg,0
222_rightphoto.jpg,0
223_leftphoto.jpg,0
223_rightphoto.jpg,0
224_leftphoto.jpg,0
224_rightphoto.jpg,0
225_leftphoto.jpg,0
225_rightphoto.jpg,0
226_leftphoto.jpg,0
226_rightphoto.jpg,0
227_leftphoto.jpg,0
227_rightphoto.jpg,0
228_leftphoto.jpg,0
228_rightphoto.jpg,0
229_leftphoto.jpg,0
229_rightphoto.jpg,0
22_leftphoto.jpg,1
22_rightphoto.jpg,1
230_leftphoto.jpg,1
230_rightphoto.jpg,1
231_leftphoto.jpg,1
231_rightphoto.jpg,1
232_leftphoto.jpg,1
232_rightphoto.jpg,1
233_leftphoto.jpg,1
233_rightphoto.jpg,1
234_leftphoto.jpg,1
234_rightphoto.jpg,1
235_leftphoto.jpg,0
235_rightphoto.jpg,0
236_leftphoto.jpg,1
236_rightphoto.jpg,1
237_leftphoto.jpg,1
237_rightphoto.jpg,1
238_leftphoto.jpg,1
238_rightphoto.jpg,1
239_leftphoto.jpg,1
239_rightphoto.jpg,1
23_leftphoto.jpg,1
23_rightphoto.jpg,1
240_leftphoto.jpg,1
240_rightphoto.jpg,1
241_leftphoto.jpg,1
241_rightphoto.jpg,1
242_leftphoto.jpg,1
242_rightphoto.jpg,1
243_leftphoto.jpg,1
243_rightphoto.jpg,1
244_leftphoto.jpg,1
244_rightphoto.jpg,1
245_leftphoto.jpg,1
245_rightphoto.jpg,1
246_leftphoto.jpg,1
246_rightphoto.jpg,1
247_leftphoto.jpg,1
247_rightphoto.jpg,1
248_leftphoto.jpg,1
248_rightphoto.jpg,1
249_leftphoto.jpg,0
249_rightphoto.jpg,0
24_leftphoto.jpg,0
24_rightphoto.jpg,0
250_leftphoto.jpg,0
250_rightphoto.jpg,0
251_leftphoto.jpg,0
251_rightphoto.jpg,0
252_leftphoto.jpg,0
252_rightphoto.jpg,0
253_leftphoto.jpg,0
253_rightphoto.jpg,0
254_leftphoto.jpg,1
254_rightphoto.jpg,1
255_leftphoto.jpg,0
255_rightphoto.jpg,0
256_leftphoto.jpg,0
256_rightphoto.jpg,0
257_leftphoto.jpg,0
257_rightphoto.jpg,0
258_leftphoto.jpg,0
258_rightphoto.jpg,0
25_leftphoto.jpg,0
25_rightphoto.jpg,0
260_leftphoto.jpg,0
260_rightphoto.jpg,0
261_leftphoto.jpg,0
261_rightphoto.jpg,0
262_leftphoto.jpg,0
262_rightphoto.jpg,0
263_leftphoto.jpg,0
263_rightphoto.jpg,0
264_leftphoto.jpg,0
264_rightphoto.jpg,0
265_leftphoto.jpg,1
265_rightphoto.jpg,1
266_leftphoto.jpg,0
266_rightphoto.jpg,0
267_leftphoto.jpg,0
267_rightphoto.jpg,0
268_leftphoto.jpg,0
268_rightphoto.jpg,0
269_leftphoto.jpg,0
269_rightphoto.jpg,0
26_leftphoto.jpg,0
26_rightphoto.jpg,0
270_leftphoto.jpg,0
270_rightphoto.jpg,0
271_leftphoto.jpg,0
271_rightphoto.jpg,0
272_leftphoto.jpg,0
272_rightphoto.jpg,0
273_leftphoto.jpg,0
273_rightphoto.jpg,0
274_leftphoto.jpg,0
274_rightphoto.jpg,0
275_leftphoto.jpg,0
275_rightphoto.jpg,0
276_leftphoto.jpg,0
276_rightphoto.jpg,0
277_leftphoto.jpg,0
277_rightphoto.jpg,0
278_leftphoto.jpg,0
278_rightphoto.jpg,0
279_leftphoto.jpg,0
279_rightphoto.jpg,0
27_leftphoto.jpg,0
27_rightphoto.jpg,0
280_leftphoto.jpg,0
280_rightphoto.jpg,0
281_leftphoto.jpg,0
281_rightphoto.jpg,0
282_leftphoto.jpg,0
282_rightphoto.jpg,0
283_leftphoto.jpg,1
283_rightphoto.jpg,1
284_leftphoto.jpg,1
284_rightphoto.jpg,1
285_leftphoto.jpg,1
285_rightphoto.jpg,1
286_leftphoto.jpg,1
286_rightphoto.jpg,1
287_leftphoto.jpg,1
287_rightphoto.jpg,1
288_leftphoto.jpg,1
288_rightphoto.jpg,1
289_leftphoto.jpg,1
289_rightphoto.jpg,1
28_leftphoto.jpg,0
28_rightphoto.jpg,0
290_leftphoto.jpg,1
290_rightphoto.jpg,1
291_leftphoto.jpg,1
291_rightphoto.jpg,1
292_leftphoto.jpg,1
292_rightphoto.jpg,1
293_leftphoto.jpg,1
293_rightphoto.jpg,1
294_leftphoto.jpg,1
294_rightphoto.jpg,1
295_leftphoto.jpg,1
295_rightphoto.jpg,1
296_leftphoto.jpg,1
296_rightphoto.jpg,1
297_leftphoto.jpg,1
297_rightphoto.jpg,1
298_leftphoto.jpg,1
298_rightphoto.jpg,1
299_leftphoto.jpg,1
299_rightphoto.jpg,1
29_leftphoto.jpg,0
29_rightphoto.jpg,0
2_leftphoto.jpg,0
2_rightphoto.jpg,0
300_leftphoto.jpg,1
300_rightphoto.jpg,1
301_leftphoto.jpg,1
301_rightphoto.jpg,1
302_leftphoto.jpg,1
302_rightphoto.jpg,1
303_leftphoto.jpg,0
303_rightphoto.jpg,0
304_leftphoto.jpg,0
304_rightphoto.jpg,0
305_leftphoto.jpg,0
305_rightphoto.jpg,0
306_leftphoto.jpg,0
306_rightphoto.jpg,0
307_leftphoto.jpg,0
307_rightphoto.jpg,0
308_leftphoto.jpg,0
308_rightphoto.jpg,0
309_leftphoto.jpg,0
309_rightphoto.jpg,0
30_leftphoto.jpg,0
30_rightphoto.jpg,0
310_leftphoto.jpg,0
310_rightphoto.jpg,0
311_leftphoto.jpg,0
311_rightphoto.jpg,0
312_leftphoto.jpg,1
312_rightphoto.jpg,1
313_leftphoto.jpg,0
313_rightphoto.jpg,0
314_leftphoto.jpg,0
314_rightphoto.jpg,0
315_leftphoto.jpg,0
315_rightphoto.jpg,0
316_leftphoto.jpg,0
316_rightphoto.jpg,0
317_leftphoto.jpg,0
317_rightphoto.jpg,0
318_leftphoto.jpg,0
318_rightphoto.jpg,0
31_leftphoto.jpg,0
31_rightphoto.jpg,0
320_leftphoto.jpg,0
320_rightphoto.jpg,0
321_leftphoto.jpg,0
321_rightphoto.jpg,0
322_leftphoto.jpg,0
322_rightphoto.jpg,0
323_leftphoto.jpg,0
323_rightphoto.jpg,0
324_leftphoto.jpg,0
324_rightphoto.jpg,0
325_leftphoto.jpg,0
325_rightphoto.jpg,0
326_leftphoto.jpg,0
326_rightphoto.jpg,0
327_leftphoto.jpg,0
327_rightphoto.jpg,0
328_leftphoto.jpg,0
328_rightphoto.jpg,0
329_leftphoto.jpg,0
329_rightphoto.jpg,0
32_leftphoto.jpg,1
32_rightphoto.jpg,1
330_leftphoto.jpg,0
330_rightphoto.jpg,0
331_leftphoto.jpg,0
331_rightphoto.jpg,0
332_leftphoto.jpg,0
332_rightphoto.jpg,0
333_leftphoto.jpg,0
333_rightphoto.jpg,0
334_leftphoto.jpg,0
334_rightphoto.jpg,0
335_leftphoto.jpg,0
335_rightphoto.jpg,0
336_leftphoto.jpg,0
336_rightphoto.jpg,0
337_leftphoto.jpg,1
337_rightphoto.jpg,1
338_leftphoto.jpg,1
338_rightphoto.jpg,1
339_leftphoto.jpg,1
339_rightphoto.jpg,1
33_leftphoto.jpg,0
33_rightphoto.jpg,0
340_leftphoto.jpg,1
342_leftphoto.jpg,1
342_rightphoto.jpg,1
343_leftphoto.jpg,1
343_rightphoto.jpg,1
344_leftphoto.jpg,1
344_rightphoto.jpg,1
345_leftphoto.jpg,1
346_leftphoto.jpg,1
346_rightphoto.jpg,1
347_leftphoto.jpg,1
347_rightphoto.jpg,1
348_leftphoto.jpg,1
348_rightphoto.jpg,1
349_leftphoto.jpg,0
349_rightphoto.jpg,0
34_leftphoto.jpg,0
34_rightphoto.jpg,0
350_leftphoto.jpg,1
350_rightphoto.jpg,1
351_leftphoto.jpg,1
351_rightphoto.jpg,1
352_leftphoto.jpg,1
352_rightphoto.jpg,1
353_leftphoto.jpg,1
353_rightphoto.jpg,1
354_leftphoto.jpg,1
354_rightphoto.jpg,1
355_leftphoto.jpg,1
355_rightphoto.jpg,1
356_rightphoto.jpg,1
357_leftphoto.jpg,1
357_rightphoto.jpg,1
358_leftphoto.jpg,1
359_leftphoto.jpg,1
35_leftphoto.jpg,1
35_rightphoto.jpg,1
360_leftphoto.jpg,0
361_leftphoto.jpg,0
361_rightphoto.jpg,0
363_leftphoto.jpg,0
364_leftphoto.jpg,0
364_rightphoto.jpg,0
365_leftphoto.jpg,0
365_rightphoto.jpg,0
367_rightphoto.jpg,0
368_leftphoto.jpg,0
368_rightphoto.jpg,0
369_leftphoto.jpg,0
36_leftphoto.jpg,0
36_rightphoto.jpg,0
370_leftphoto.jpg,0
371_rightphoto.jpg,0
372_rightphoto.jpg,0
373_leftphoto.jpg,0
375_leftphoto.jpg,0
375_rightphoto.jpg,0
376_rightphoto.jpg,0
377_leftphoto.jpg,0
379_leftphoto.jpg,0
37_leftphoto.jpg,0
37_rightphoto.jpg,0
380_leftphoto.jpg,0
380_rightphoto.jpg,0
381_leftphoto.jpg,0
382_leftphoto.jpg,0
382_rightphoto.jpg,0
385_leftphoto.jpg,0
387_rightphoto.jpg,0
389_leftphoto.jpg,0
38_leftphoto.jpg,0
38_rightphoto.jpg,0
391_leftphoto.jpg,0
391_rightphoto.jpg,0
393_rightphoto.jpg,0
394_leftphoto.jpg,0
394_rightphoto.jpg,0
398_leftphoto.jpg,0
399_leftphoto.jpg,0
39_leftphoto.jpg,1
39_rightphoto.jpg,1
3_leftphoto.jpg,1
3_rightphoto.jpg,1
400_leftphoto.jpg,1
400_rightphoto.jpg,1
401_leftphoto.jpg,0
401_rightphoto.jpg,0
402_rightphoto.jpg,0
404_rightphoto.jpg,0
405_rightphoto.jpg,0
406_leftphoto.jpg,0
407_rightphoto.jpg,1
409_leftphoto.jpg,1
40_leftphoto.jpg,0
40_rightphoto.jpg,0
410_rightphoto.jpg,1
412_rightphoto.jpg,1
414_leftphoto.jpg,1
416_leftphoto.jpg,1
419_leftphoto.jpg,1
41_leftphoto.jpg,0
41_rightphoto.jpg,0
420_leftphoto.jpg,1
421_rightphoto.jpg,1
422_leftphoto.jpg,1
422_rightphoto.jpg,1
424_leftphoto.jpg,0
424_rightphoto.jpg,0
425_leftphoto.jpg,0
425_rightphoto.jpg,0
426_leftphoto.jpg,0
427_leftphoto.jpg,0
428_leftphoto.jpg,0
428_rightphoto.jpg,0
429_leftphoto.jpg,0
429_rightphoto.jpg,0
42_leftphoto.jpg,0
42_rightphoto.jpg,0
430_rightphoto.jpg,0
431_rightphoto.jpg,0
432_leftphoto.jpg,0
433_leftphoto.jpg,0
435_rightphoto.jpg,0
436_rightphoto.jpg,0
437_leftphoto.jpg,0
437_rightphoto.jpg,0
43_leftphoto.jpg,1
43_rightphoto.jpg,1
440_leftphoto.jpg,0
442_leftphoto.jpg,0
442_rightphoto.jpg,0
443_leftphoto.jpg,0
443_rightphoto.jpg,0
444_leftphoto.jpg,0
444_rightphoto.jpg,0
445_leftphoto.jpg,0
445_rightphoto.jpg,0
446_leftphoto.jpg,0
446_rightphoto.jpg,0
447_leftphoto.jpg,0
447_rightphoto.jpg,0
448_leftphoto.jpg,0
448_rightphoto.jpg,0
449_leftphoto.jpg,0
449_rightphoto.jpg,0
44_leftphoto.jpg,0
44_rightphoto.jpg,0
450_leftphoto.jpg,1
450_rightphoto.jpg,1
451_leftphoto.jpg,0
451_rightphoto.jpg,0
452_leftphoto.jpg,0
452_rightphoto.jpg,0
453_leftphoto.jpg,0
453_rightphoto.jpg,0
454_leftphoto.jpg,0
454_rightphoto.jpg,0
455_leftphoto.jpg,0
455_rightphoto.jpg,0
456_leftphoto.jpg,0
456_rightphoto.jpg,0
457_leftphoto.jpg,0
457_rightphoto.jpg,0
458_leftphoto.jpg,0
458_rightphoto.jpg,0
459_leftphoto.jpg,0
459_rightphoto.jpg,0
45_leftphoto.jpg,0
45_rightphoto.jpg,0
460_leftphoto.jpg,0
460_rightphoto.jpg,0
461_leftphoto.jpg,0
461_rightphoto.jpg,0
462_leftphoto.jpg,0
462_rightphoto.jpg,0
463_leftphoto.jpg,0
463_rightphoto.jpg,0
464_leftphoto.jpg,0
464_rightphoto.jpg,0
465_leftphoto.jpg,0
465_rightphoto.jpg,0
466_leftphoto.jpg,0
466_rightphoto.jpg,0
467_leftphoto.jpg,1
468_leftphoto.jpg,1
468_rightphoto.jpg,1
469_leftphoto.jpg,1
469_rightphoto.jpg,1
46_leftphoto.jpg,1
46_rightphoto.jpg,1
470_leftphoto.jpg,1
470_rightphoto.jpg,1
471_leftphoto.jpg,1
471_rightphoto.jpg,1
472_leftphoto.jpg,1
472_rightphoto.jpg,1
473_leftphoto.jpg,1
473_rightphoto.jpg,1
474_rightphoto.jpg,1
475_leftphoto.jpg,1
475_rightphoto.jpg,1
476_leftphoto.jpg,1
476_rightphoto.jpg,1
477_leftphoto.jpg,1
477_rightphoto.jpg,1
478_leftphoto.jpg,1
478_rightphoto.jpg,1
479_leftphoto.jpg,1
479_rightphoto.jpg,1
47_leftphoto.jpg,0
47_rightphoto.jpg,0
480_rightphoto.jpg,1
481_leftphoto.jpg,1
481_rightphoto.jpg,1
482_leftphoto.jpg,1
482_rightphoto.jpg,1
484_leftphoto.jpg,1
484_rightphoto.jpg,1
486_leftphoto.jpg,1
486_rightphoto.jpg,1
487_leftphoto.jpg,0
489_leftphoto.jpg,0
489_rightphoto.jpg,0
48_leftphoto.jpg,0
48_rightphoto.jpg,0
490_rightphoto.jpg,0
492_rightphoto.jpg,0
493_leftphoto.jpg,0
494_leftphoto.jpg,0
494_rightphoto.jpg,0
495_rightphoto.jpg,1
497_leftphoto.jpg,0
497_rightphoto.jpg,0
499_leftphoto.jpg,0
49_leftphoto.jpg,0
49_rightphoto.jpg,0
4_leftphoto.jpg,1
4_rightphoto.jpg,1
500_rightphoto.jpg,1
501_leftphoto.jpg,0
501_rightphoto.jpg,0
502_leftphoto.jpg,0
505_leftphoto.jpg,0
506_leftphoto.jpg,0
506_rightphoto.jpg,0
508_leftphoto.jpg,0
50_leftphoto.jpg,1
50_rightphoto.jpg,1
511_rightphoto.jpg,0
513_leftphoto.jpg,0
513_rightphoto.jpg,0
518_leftphoto.jpg,1
519_rightphoto.jpg,1
51_leftphoto.jpg,0
51_rightphoto.jpg,0
520_rightphoto.jpg,1
521_rightphoto.jpg,1
523_rightphoto.jpg,1
524_rightphoto.jpg,1
525_leftphoto.jpg,1
525_rightphoto.jpg,1
527_leftphoto.jpg,1
528_rightphoto.jpg,1
529_rightphoto.jpg,1
52_leftphoto.jpg,1
52_rightphoto.jpg,1
533_leftphoto.jpg,0
533_rightphoto.jpg,0
534_leftphoto.jpg,0
534_rightphoto.jpg,0
535_leftphoto.jpg,0
535_rightphoto.jpg,0
536_rightphoto.jpg,0
538_leftphoto.jpg,0
538_rightphoto.jpg,0
539_leftphoto.jpg,0
53_leftphoto.jpg,1
53_rightphoto.jpg,1
540_rightphoto.jpg,0
542_rightphoto.jpg,0
544_leftphoto.jpg,1
544_rightphoto.jpg,1
545_leftphoto.jpg,0
545_rightphoto.jpg,0
546_leftphoto.jpg,0
546_rightphoto.jpg,0
547_rightphoto.jpg,1
549_leftphoto.jpg,0
549_rightphoto.jpg,0
54_leftphoto.jpg,0
54_rightphoto.jpg,0
550_rightphoto.jpg,0
552_rightphoto.jpg,0
553_leftphoto.jpg,0
556_rightphoto.jpg,1
557_leftphoto.jpg,1
557_rightphoto.jpg,1
558_rightphoto.jpg,1
55_leftphoto.jpg,0
55_rightphoto.jpg,0
560_rightphoto.jpg,1
562_leftphoto.jpg,1
563_leftphoto.jpg,1
564_leftphoto.jpg,1
564_rightphoto.jpg,1
567_leftphoto.jpg,1
568_leftphoto.jpg,1
568_rightphoto.jpg,1
569_leftphoto.jpg,1
56_leftphoto.jpg,0
56_rightphoto.jpg,0
571_leftphoto.jpg,1
572_leftphoto.jpg,1
572_rightphoto.jpg,1
573_leftphoto.jpg,1
573_rightphoto.jpg,1
574_leftphoto.jpg,1
575_leftphoto.jpg,1
576_leftphoto.jpg,0
576_rightphoto.jpg,0
577_rightphoto.jpg,0
578_rightphoto.jpg,0
57_leftphoto.jpg,0
57_rightphoto.jpg,0
580_rightphoto.jpg,0
581_leftphoto.jpg,0
581_rightphoto.jpg,0
583_rightphoto.jpg,0
584_leftphoto.jpg,0
585_leftphoto.jpg,0
585_rightphoto.jpg,0
586_leftphoto.jpg,0
586_rightphoto.jpg,0
588_rightphoto.jpg,0
589_leftphoto.jpg,0
58_leftphoto.jpg,1
58_rightphoto.jpg,1
591_rightphoto.jpg,0
592_leftphoto.jpg,1
592_rightphoto.jpg,1
593_leftphoto.jpg,0
595_rightphoto.jpg,0
598_leftphoto.jpg,0
599_rightphoto.jpg,0
59_leftphoto.jpg,0
59_rightphoto.jpg,0
600_rightphoto.jpg,0
601_leftphoto.jpg,0
601_rightphoto.jpg,0
604_rightphoto.jpg,0
606_leftphoto.jpg,0
607_leftphoto.jpg,0
607_rightphoto.jpg,0
608_rightphoto.jpg,0
609_leftphoto.jpg,0
609_rightphoto.jpg,0
60_leftphoto.jpg,1
60_rightphoto.jpg,1
610_rightphoto.jpg,0
611_leftphoto.jpg,0
612_leftphoto.jpg,0
613_rightphoto.jpg,0
615_leftphoto.jpg,0
615_rightphoto.jpg,0
617_leftphoto.jpg,1
618_leftphoto.jpg,1
618_rightphoto.jpg,1
619_rightphoto.jpg,1
61_leftphoto.jpg,0
61_rightphoto.jpg,0
620_rightphoto.jpg,1
621_rightphoto.jpg,1
622_leftphoto.jpg,1
622_rightphoto.jpg,1
623_rightphoto.jpg,1
624_leftphoto.jpg,1
625_leftphoto.jpg,1
625_rightphoto.jpg,1
626_leftphoto.jpg,1
626_rightphoto.jpg,1
627_rightphoto.jpg,1
628_leftphoto.jpg,1
62_leftphoto.jpg,1
62_rightphoto.jpg,1
633_leftphoto.jpg,1
633_rightphoto.jpg,1
634_leftphoto.jpg,1
634_rightphoto.jpg,1
636_leftphoto.jpg,1
636_rightphoto.jpg,1
63_leftphoto.jpg,1
63_rightphoto.jpg,1
640_leftphoto.jpg,1
640_rightphoto.jpg,1
642_rightphoto.jpg,1
643_leftphoto.jpg,1
645_leftphoto.jpg,0
646_leftphoto.jpg,0
646_rightphoto.jpg,0
648_leftphoto.jpg,0
649_rightphoto.jpg,0
64_leftphoto.jpg,0
64_rightphoto.jpg,0
650_rightphoto.jpg,0
651_leftphoto.jpg,0
652_leftphoto.jpg,0
652_rightphoto.jpg,0
653_leftphoto.jpg,0
653_rightphoto.jpg,0
654_rightphoto.jpg,0
656_leftphoto.jpg,0
656_rightphoto.jpg,0
657_leftphoto.jpg,0
658_leftphoto.jpg,0
65_leftphoto.jpg,0
65_rightphoto.jpg,0
660_leftphoto.jpg,0
660_rightphoto.jpg,0
661_leftphoto.jpg,0
661_rightphoto.jpg,0
662_leftphoto.jpg,0
662_rightphoto.jpg,0
663_leftphoto.jpg,1
665_leftphoto.jpg,0
666_leftphoto.jpg,0
666_rightphoto.jpg,0
669_leftphoto.jpg,0
66_leftphoto.jpg,1
66_rightphoto.jpg,1
670_leftphoto.jpg,0
670_rightphoto.jpg,0
671_leftphoto.jpg,0
671_rightphoto.jpg,0
